ID,Group,SPAD,Dead,date,Info,
1,A,35.2,F,25.06.21,,F
2,A,23.9,F,25.06.21,,F
3,A,33.3,F,25.06.21,,F
4,A,35.2,F,25.06.21,,F
5,A,32.6,F,25.06.21,,F
6,A,19.3,F,25.06.21,,F
7,A,29.7,F,25.06.21,,F
8,A,28.4,F,25.06.21,,F
9,A,32,F,25.06.21,,F
10,A,37,F,25.06.21,,F
11,A,38.4,F,25.06.21,,F
12,A,32.8,F,25.06.21,,F
13,A,31.4,F,25.06.21,,F
14,A,39.1,F,25.06.21,,F
15,B,NA,T,25.06.21,,T
16,B,NA,T,25.06.21,,T
17,B,32,F,25.06.21,,F
18,B,30.8,F,25.06.21,,F
19,B,34.5,F,25.06.21,,F
20,B,14.1,F,25.06.21,,F
21,B,37.4,F,25.06.21,,F
22,B,18.5,F,25.06.21,,T
23,B,28.9,F,25.06.21,,F
24,B,32.1,F,25.06.21,,F
25,B,28.2,F,25.06.21,,F
26,B,27.3,F,25.06.21,,F
27,B,NA,F,25.06.21,,T
28,B,31.2,F,25.06.21,,F
29,C,NA,F,25.06.21,,F
30,C,29.3,F,25.06.21,,F
31,C,35,F,25.06.21,,F
32,C,28.3,F,25.06.21,,F
33,C,29.4,F,25.06.21,,F
34,C,32.3,F,25.06.21,,F
35,C,31.3,F,25.06.21,,F
36,C,NA,T,25.06.21,,T
37,C,33.1,F,25.06.21,,F
38,C,NA,T,25.06.21,,T
39,C,NA,T,25.06.21,,T
40,C,NA,T,25.06.21,,F
41,C,NA,T,25.06.21,,T
42,C,NA,T,25.06.21,,T
43,D,36.1,F,25.06.21,,F
44,D,NA,T,25.06.21,,T
45,D,40.9,F,25.06.21,,F
46,D,37.4,F,25.06.21,,F
47,D,34.6,F,25.06.21,,F
48,D,33.4,F,25.06.21,,F
49,D,35.7,F,25.06.21,,F
50,D,40.4,F,25.06.21,,F
51,D,26.2,F,25.06.21,,F
52,D,35.4,F,25.06.21,,F
53,D,NA,T,25.06.21,,T
54,D,42.3,F,25.06.21,,F
55,D,34.6,F,25.06.21,,F
56,D,38.6,F,25.06.21,,F
57,E,35.7,F,25.06.21,,F
58,E,22.6,F,25.06.21,,F
59,E,28.8,F,25.06.21,,F
60,E,24.4,F,25.06.21,,F
61,E,39.3,F,25.06.21,,F
62,E,22.6,F,25.06.21,,T
63,E,30.1,F,25.06.21,,F
64,E,40.5,F,25.06.21,,T
65,E,32,F,25.06.21,,F
66,E,36.4,F,25.06.21,,F
67,E,37.4,F,25.06.21,,F
68,E,32.5,F,25.06.21,,F
69,E,31.8,F,25.06.21,,F
70,E,30.9,F,25.06.21,,F
71,F,29,F,25.06.21,,F
72,F,33.5,F,25.06.21,,F
73,F,33,F,25.06.21,,F
74,F,38.6,F,25.06.21,,F
75,F,34.3,F,25.06.21,,F
76,F,31.3,F,25.06.21,,F
77,F,33.9,F,25.06.21,,F
78,F,30.8,F,25.06.21,,F
79,F,29.5,F,25.06.21,,F
80,F,30.1,F,25.06.21,,F
81,F,20.1,F,25.06.21,,F
82,F,23.4,F,25.06.21,,F
83,F,31.2,F,25.06.21,,F
84,F,27.6,F,25.06.21,,F
85,G,28.2,F,25.06.21,,F
86,G,21.7,F,25.06.21,,F
87,G,31.9,F,25.06.21,,F
88,G,27.6,F,25.06.21,,F
89,G,36.1,F,25.06.21,,F
90,G,39.2,F,25.06.21,,F
91,G,29.1,F,25.06.21,,F
92,G,35.8,F,25.06.21,,F
93,G,33.1,F,25.06.21,,F
94,G,28.8,F,25.06.21,,F
95,G,33.1,F,25.06.21,,F
96,G,36.5,F,25.06.21,,F
97,G,29.3,F,25.06.21,,F
98,G,34.2,F,25.06.21,,F
99,H,NA,T,25.06.21,,T
100,H,28.9,F,25.06.21,,F
101,H,36.6,F,25.06.21,,F
102,H,29.5,F,25.06.21,,F
103,H,28.3,F,25.06.21,,F
104,H,28.3,F,25.06.21,,F
105,H,25.3,F,25.06.21,,F
106,H,NA,T,25.06.21,,F
107,H,29.8,F,25.06.21,,F
108,H,24.8,F,25.06.21,,F
109,H,33.3,F,25.06.21,,F
110,H,29.4,F,25.06.21,,F
111,H,31.9,F,25.06.21,,F
112,H,42.3,F,25.06.21,,F
113,I,23.8,F,25.06.21,,F
114,I,22.4,F,25.06.21,,F
115,I,25.5,F,25.06.21,,F
116,I,27.4,F,25.06.21,,F
117,I,23.8,F,25.06.21,,F
118,I,28.1,F,25.06.21,,F
119,I,28.9,F,25.06.21,,F
120,I,20,F,25.06.21,,F
121,I,28.9,F,25.06.21,,F
122,I,28.1,F,25.06.21,,F
123,I,27.1,F,25.06.21,,F
124,I,29.8,F,25.06.21,,F
125,I,27.6,F,25.06.21,,F
126,I,27,F,25.06.21,,F
127,J,24.1,F,25.06.21,,F
128,J,36.8,F,25.06.21,,F
129,J,40.2,F,25.06.21,,F
130,J,31.6,F,25.06.21,,F
131,J,33.1,F,25.06.21,,F
132,J,33.2,F,25.06.21,,F
133,J,31.4,F,25.06.21,,F
134,J,29.5,F,25.06.21,,F
135,J,33.9,F,25.06.21,,F
136,J,25.5,F,25.06.21,,F
137,J,31.9,F,25.06.21,,F
138,J,29.3,F,25.06.21,,F
139,J,37.8,F,25.06.21,,F
140,J,34.4,F,25.06.21,,F
141,K,27.7,F,25.06.21,,F
142,K,37.7,F,25.06.21,,F
143,K,33.2,F,25.06.21,,F
144,K,33.5,F,25.06.21,,F
145,K,30.8,F,25.06.21,,F
146,K,39.1,F,25.06.21,,F
147,K,29.6,F,25.06.21,,F
148,K,NA,F,25.06.21,,F
149,K,39.5,F,25.06.21,,F
150,K,35,F,25.06.21,,F
151,K,33.2,F,25.06.21,,F
152,K,30.9,F,25.06.21,,F
153,K,26.2,F,25.06.21,,F
154,K,30,F,25.06.21,,F
155,L,32.7,F,25.06.21,,F
156,L,32.9,F,25.06.21,,T
157,L,20.8,F,25.06.21,,F
158,L,28,F,25.06.21,,F
159,L,32.7,F,25.06.21,,F
160,L,18.7,F,25.06.21,,F
161,L,28,F,25.06.21,,F
162,L,32.9,F,25.06.21,,F
163,L,29.8,F,25.06.21,,F
164,L,33.6,F,25.06.21,,F
165,L,35.1,F,25.06.21,,F
166,L,39.5,F,25.06.21,,F
167,L,25.6,F,25.06.21,,F
168,L,35.9,F,25.06.21,,F
169,M,26.3,F,25.06.21,,F
170,M,22.7,F,25.06.21,,F
171,M,30.8,F,25.06.21,,F
172,M,36.4,F,25.06.21,,F
173,M,33,F,25.06.21,,F
174,M,33.3,F,25.06.21,,F
175,M,27.3,F,25.06.21,,F
176,M,28.8,F,25.06.21,,F
177,M,35.1,F,25.06.21,,F
178,M,33.4,F,25.06.21,,F
179,M,27.7,F,25.06.21,,F
180,M,24.5,F,25.06.21,,F
181,M,35.4,F,25.06.21,,F
182,M,26.4,F,25.06.21,,F
183,N,36.3,F,25.06.21,,F
184,N,NA,T,25.06.21,,T
185,N,27.3,F,25.06.21,,F
186,N,32.3,F,25.06.21,,F
187,N,26.6,F,25.06.21,,F
188,N,35.3,F,25.06.21,,F
189,N,26.9,F,25.06.21,,F
190,N,28.3,F,25.06.21,,F
191,N,NA,T,25.06.21,,T
192,N,23,F,25.06.21,,F
193,N,33.6,F,25.06.21,,F
194,N,35.1,F,25.06.21,,F
195,N,33.4,F,25.06.21,,F
196,N,26.3,F,25.06.21,,F
197,O,35.3,F,25.06.21,,F
198,O,25.8,F,25.06.21,,F
199,O,29.6,F,25.06.21,,F
200,O,34.4,F,25.06.21,,F
201,O,NA,T,25.06.21,,T
202,O,NA,T,25.06.21,,T
203,O,26,F,25.06.21,,F
204,O,33.9,F,25.06.21,,F
205,O,NA,T,25.06.21,,T
206,O,28.4,F,25.06.21,,F
207,O,30.7,F,25.06.21,,F
208,O,29.9,F,25.06.21,,F
209,O,31.1,F,25.06.21,,F
210,O,NA,T,25.06.21,,T
211,P,25.5,F,25.06.21,,F
212,P,29.4,F,25.06.21,,F
213,P,22.5,F,25.06.21,,F
214,P,36.4,F,25.06.21,,F
215,P,29.9,F,25.06.21,,F
216,P,30.6,F,25.06.21,,F
217,P,36.4,F,25.06.21,,F
218,P,33.7,F,25.06.21,,F
219,P,31.5,F,25.06.21,,F
220,P,34.4,F,25.06.21,,F
221,P,NA,T,25.06.21,,T
222,P,NA,T,25.06.21,,T
223,P,37.9,F,25.06.21,,F
224,P,32.5,F,25.06.21,,F
1,A,35,F,23.07.21,,
2,A,24.8,F,23.07.21,,
3,A,31.1,F,23.07.21,,
4,A,36.2,F,23.07.21,,
5,A,32.5,F,23.07.21,,
6,A,25.7,F,23.07.21,,
7,A,25.6,F,23.07.21,,
8,A,26.6,F,23.07.21,,
9,A,33.2,F,23.07.21,,
10,A,39.9,F,23.07.21,,
11,A,35.8,F,23.07.21,,
12,A,32.9,F,23.07.21,,
13,A,31.7,F,23.07.21,,
14,A,36.9,F,23.07.21,,
15,B,NA,T,23.07.21,,
16,B,NA,T,23.07.21,,
17,B,33.4,F,23.07.21,,
18,B,28.4,F,23.07.21,,
19,B,34.8,F,23.07.21,,
20,B,21.1,F,23.07.21,,
21,B,33.3,F,23.07.21,,
22,B,16.8,F,23.07.21,,
23,B,32.9,F,23.07.21,,
24,B,34.1,F,23.07.21,,
25,B,26.4,F,23.07.21,,
26,B,34.2,F,23.07.21,,
27,B,NA,T,23.07.21,,
28,B,29.8,F,23.07.21,,
29,C,26.1,F,23.07.21,,
30,C,26.8,F,23.07.21,,
31,C,32.6,F,23.07.21,,
32,C,28,F,23.07.21,,
33,C,27.9,F,23.07.21,,
34,C,33.6,F,23.07.21,,
35,C,28.9,F,23.07.21,,
36,C,NA,T,23.07.21,,
37,C,33.1,F,23.07.21,,
38,C,NA,T,23.07.21,,
39,C,NA,T,23.07.21,,
40,C,29.4,F,23.07.21,,
41,C,NA,T,23.07.21,,
42,C,NA,T,23.07.21,,
43,D,32.1,F,23.07.21,,
44,D,NA,T,23.07.21,,
45,D,36.6,F,23.07.21,,
46,D,34.1,F,23.07.21,,
47,D,33.7,F,23.07.21,,
48,D,31.2,F,23.07.21,,
49,D,31.9,F,23.07.21,,
50,D,32.4,F,23.07.21,,
51,D,24.8,F,23.07.21,,
52,D,32.9,F,23.07.21,,
53,D,NA,T,23.07.21,,
54,D,37.4,F,23.07.21,,
55,D,29.2,F,23.07.21,,
56,D,36.6,F,23.07.21,,
57,E,40.2,F,23.07.21,,
58,E,30.1,F,23.07.21,,
59,E,33.3,F,23.07.21,,
60,E,35.5,F,23.07.21,,
61,E,40.8,F,23.07.21,,
62,E,23.2,F,23.07.21,,
63,E,33.9,F,23.07.21,,
64,E,34.5,F,23.07.21,,
65,E,32.3,F,23.07.21,,
66,E,40.6,F,23.07.21,,
67,E,43.4,F,23.07.21,,
68,E,32.4,F,23.07.21,,
69,E,38.2,F,23.07.21,,
70,E,36.9,F,23.07.21,,
71,F,25.9,F,23.07.21,,
72,F,29,F,23.07.21,,
73,F,33.3,F,23.07.21,,
74,F,37.4,F,23.07.21,,
75,F,30.3,F,23.07.21,,
76,F,29.4,F,23.07.21,,
77,F,35.8,F,23.07.21,,
78,F,29.8,F,23.07.21,,
79,F,31,F,23.07.21,,
80,F,24.8,F,23.07.21,,
81,F,21.7,F,23.07.21,,
82,F,22.1,F,23.07.21,,
83,F,32.6,F,23.07.21,,
84,F,28.5,F,23.07.21,,
85,G,26.4,F,23.07.21,,
86,G,28.5,F,23.07.21,,
87,G,31,F,23.07.21,,
88,G,24.2,F,23.07.21,,
89,G,35.6,F,23.07.21,,
90,G,37.6,F,23.07.21,,
91,G,29.3,F,23.07.21,,
92,G,33.4,F,23.07.21,,
93,G,28.2,F,23.07.21,,
94,G,27.7,F,23.07.21,,
95,G,31,F,23.07.21,,
96,G,35.1,F,23.07.21,,
97,G,28.1,F,23.07.21,,
98,G,31.6,F,23.07.21,,
99,H,NA,T,23.07.21,,
100,H,32.4,F,23.07.21,,
101,H,27.7,F,23.07.21,,
102,H,35.7,F,23.07.21,,
103,H,27.9,F,23.07.21,,
104,H,25.9,F,23.07.21,,
105,H,23,F,23.07.21,,
106,H,25,F,23.07.21,,
107,H,25,F,23.07.21,,
108,H,26.3,F,23.07.21,,
109,H,29.7,F,23.07.21,,
110,H,28.4,F,23.07.21,,
111,H,34.6,F,23.07.21,,
112,H,36.8,F,23.07.21,,
113,I,31.1,F,23.07.21,,
114,I,34.6,F,23.07.21,,
115,I,25.9,F,23.07.21,,
116,I,32,F,23.07.21,,
117,I,20.2,F,23.07.21,,
118,I,30.8,F,23.07.21,,
119,I,29,F,23.07.21,,
120,I,28,F,23.07.21,,
121,I,29,F,23.07.21,,
122,I,29.5,F,23.07.21,,
123,I,24.7,F,23.07.21,,
124,I,30.9,F,23.07.21,,
125,I,30.7,F,23.07.21,,
126,I,29.9,F,23.07.21,,
127,J,28.4,F,23.07.21,,
128,J,31.8,F,23.07.21,,
129,J,36.9,F,23.07.21,,
130,J,26.7,F,23.07.21,,
131,J,32.4,F,23.07.21,,
132,J,30.5,F,23.07.21,,
133,J,29.2,F,23.07.21,,
134,J,26.1,F,23.07.21,,
135,J,29.2,F,23.07.21,,
136,J,34.7,F,23.07.21,,
137,J,26,F,23.07.21,,
138,J,25.9,F,23.07.21,,
139,J,31.6,F,23.07.21,,
140,J,29,F,23.07.21,,
141,K,32.9,F,23.07.21,,
142,K,33.4,F,23.07.21,,
143,K,33.2,F,23.07.21,,
144,K,32.7,F,23.07.21,,
145,K,32.6,F,23.07.21,,
146,K,36.2,F,23.07.21,,
147,K,29.2,F,23.07.21,,
148,K,32.2,F,23.07.21,,
149,K,36.1,F,23.07.21,,
150,K,34.2,F,23.07.21,,
151,K,32.3,F,23.07.21,,
152,K,31.3,F,23.07.21,,
153,K,32.1,F,23.07.21,,
154,K,28,F,23.07.21,,
155,L,28.8,F,23.07.21,,
156,L,30.4,F,23.07.21,,
157,L,30.8,F,23.07.21,,
158,L,26.5,F,23.07.21,,
159,L,28.5,F,23.07.21,,
160,L,21.9,F,23.07.21,,
161,L,23.8,F,23.07.21,,
162,L,33.2,F,23.07.21,,
163,L,27.1,F,23.07.21,,
164,L,26.1,F,23.07.21,,
165,L,30.8,F,23.07.21,,
166,L,36.3,F,23.07.21,,
167,L,27.1,F,23.07.21,,
168,L,35.8,F,23.07.21,,
169,M,25.9,F,23.07.21,,
170,M,20.5,F,23.07.21,,
171,M,25.2,F,23.07.21,,
172,M,30.4,F,23.07.21,,
173,M,25.2,F,23.07.21,,
174,M,33.2,F,23.07.21,,
175,M,33.4,F,23.07.21,,
176,M,28.2,F,23.07.21,,
177,M,32.6,F,23.07.21,,
178,M,28.2,F,23.07.21,,
179,M,24.3,F,23.07.21,,
180,M,25.2,F,23.07.21,,
181,M,33.3,F,23.07.21,,
182,M,25.8,F,23.07.21,,
183,N,35.8,F,23.07.21,,
184,N,NA,T,23.07.21,,
185,N,30.3,F,23.07.21,,
186,N,31.8,F,23.07.21,,
187,N,26.3,F,23.07.21,,
188,N,33.7,F,23.07.21,,
189,N,25.9,F,23.07.21,,
190,N,33.4,F,23.07.21,,
191,N,NA,T,23.07.21,,
192,N,23.9,F,23.07.21,,
193,N,28.3,F,23.07.21,,
194,N,33.7,F,23.07.21,,
195,N,31.1,F,23.07.21,,
196,N,28.1,F,23.07.21,,
197,O,34,F,23.07.21,,
198,O,26.5,F,23.07.21,,
199,O,26.8,F,23.07.21,,
200,O,30.2,F,23.07.21,,
201,O,NA,T,23.07.21,,
202,O,NA,T,23.07.21,,
203,O,23.7,F,23.07.21,,
204,O,27,F,23.07.21,,
205,O,NA,T,23.07.21,,
206,O,30.7,F,23.07.21,,
207,O,27.2,F,23.07.21,,
208,O,25,F,23.07.21,,
209,O,25.6,F,23.07.21,,
210,O,NA,T,23.07.21,,
211,P,27.3,F,23.07.21,,
212,P,29.5,F,23.07.21,,
213,P,23.6,F,23.07.21,,
214,P,35.7,F,23.07.21,,
215,P,25,F,23.07.21,,
216,P,31.3,F,23.07.21,,
217,P,35.2,F,23.07.21,,
218,P,33,F,23.07.21,,
219,P,31.7,F,23.07.21,,
220,P,35.6,F,23.07.21,,
221,P,NA,T,23.07.21,,
222,P,NA,T,23.07.21,,
223,P,34.9,F,23.07.21,,
224,P,32.6,F,23.07.21,,
1,A,33.3,F,27.08.21,,
2,A,27.5,F,27.08.21,,
3,A,30.1,F,27.08.21,,
4,A,32.3,F,27.08.21,,
5,A,33.2,F,27.08.21,,
6,A,25.5,F,27.08.21,,
7,A,28.5,F,27.08.21,,
8,A,29.5,F,27.08.21,,
9,A,34.4,F,27.08.21,,
10,A,35.4,F,27.08.21,,
11,A,32.7,F,27.08.21,,
12,A,23.4,F,27.08.21,,
13,A,32.4,F,27.08.21,,
14,A,30.4,F,27.08.21,,
15,B,NA,T,27.08.21,,
16,B,NA,T,27.08.21,,
17,B,31.9,F,27.08.21,,
18,B,30.5,F,27.08.21,,
19,B,31.5,F,27.08.21,,
20,B,27.8,F,27.08.21,,
21,B,33.5,F,27.08.21,,
22,B,NA,T,27.08.21,,
23,B,31.8,F,27.08.21,,
24,B,31.8,F,27.08.21,,
25,B,25,F,27.08.21,,
26,B,30,F,27.08.21,,
27,B,NA,T,27.08.21,,
28,B,30.5,F,27.08.21,,
29,C,29.1,F,27.08.21,,
30,C,22.1,F,27.08.21,,
31,C,32.9,F,27.08.21,,
32,C,30.1,F,27.08.21,,
33,C,22.9,F,27.08.21,,
34,C,31.4,F,27.08.21,,
35,C,28.1,F,27.08.21,,
36,C,NA,T,27.08.21,,
37,C,30.5,F,27.08.21,,
38,C,NA,T,27.08.21,,
39,C,NA,T,27.08.21,,
40,C,37.8,F,27.08.21,,
41,C,NA,T,27.08.21,,
42,C,NA,T,27.08.21,,
43,D,32.3,F,27.08.21,,
44,D,NA,T,27.08.21,,
45,D,34.1,F,27.08.21,,
46,D,31.8,F,27.08.21,,
47,D,31.2,F,27.08.21,,
48,D,30.8,F,27.08.21,,
49,D,26.5,F,27.08.21,,
50,D,36.8,F,27.08.21,,
51,D,24.1,F,27.08.21,,
52,D,29.2,F,27.08.21,,
53,D,NA,T,27.08.21,,
54,D,31.6,F,27.08.21,,
55,D,29.6,F,27.08.21,,
56,D,38,F,27.08.21,,
57,E,38.9,F,27.08.21,,
58,E,32.1,F,27.08.21,,
59,E,29.3,F,27.08.21,,
60,E,36,F,27.08.21,,
61,E,39.8,F,27.08.21,,
62,E,NA,T,27.08.21,,
63,E,30.6,F,27.08.21,,
64,E,NA,T,27.08.21,,
65,E,33.5,F,27.08.21,,
66,E,38.7,F,27.08.21,,
67,E,42.5,F,27.08.21,,
68,E,36.2,F,27.08.21,,
69,E,32.6,F,27.08.21,,
70,E,36.7,F,27.08.21,,
71,F,29.1,F,27.08.21,,
72,F,35.2,F,27.08.21,,
73,F,38.5,F,27.08.21,,
74,F,39.8,F,27.08.21,,
75,F,35.8,F,27.08.21,,
76,F,35.5,F,27.08.21,,
77,F,38.5,F,27.08.21,,
78,F,30.8,F,27.08.21,,
79,F,32.4,F,27.08.21,,
80,F,33.2,F,27.08.21,,
81,F,23.4,F,27.08.21,,
82,F,28.9,F,27.08.21,,
83,F,35.5,F,27.08.21,,
84,F,33,F,27.08.21,,
85,G,25.6,F,27.08.21,,
86,G,28.7,F,27.08.21,,
87,G,26.2,F,27.08.21,,
88,G,20.2,F,27.08.21,,
89,G,34.8,F,27.08.21,,
90,G,38.7,F,27.08.21,,
91,G,25.9,F,27.08.21,,
92,G,36.7,F,27.08.21,,
93,G,36.9,F,27.08.21,,
94,G,23.9,F,27.08.21,,
95,G,34.5,F,27.08.21,,
96,G,30,F,27.08.21,,
97,G,28.9,F,27.08.21,,
98,G,27.8,F,27.08.21,,
99,H,NA,T,27.08.21,,
100,H,29.8,F,27.08.21,,
101,H,31.7,F,27.08.21,,
102,H,40.1,F,27.08.21,,
103,H,28.7,F,27.08.21,,
104,H,31.5,F,27.08.21,,
105,H,26.4,F,27.08.21,,
106,H,28.4,F,27.08.21,,
107,H,29.9,F,27.08.21,,
108,H,28,F,27.08.21,,
109,H,31.4,F,27.08.21,,
110,H,32.3,F,27.08.21,,
111,H,36.3,F,27.08.21,,
112,H,37.8,F,27.08.21,,
113,I,31.2,F,27.08.21,,
114,I,31.5,F,27.08.21,,
115,I,28.1,F,27.08.21,,
116,I,27.8,F,27.08.21,,
117,I,22.7,F,27.08.21,,
118,I,33.8,F,27.08.21,,
119,I,29.5,F,27.08.21,,
120,I,32.8,F,27.08.21,,
121,I,38.2,F,27.08.21,,
122,I,33,F,27.08.21,,
123,I,34.1,F,27.08.21,,
124,I,33.6,F,27.08.21,,
125,I,27,F,27.08.21,,
126,I,32.8,F,27.08.21,,
127,J,27.4,F,27.08.21,,
128,J,29.5,F,27.08.21,,
129,J,36.9,F,27.08.21,,
130,J,26.7,F,27.08.21,,
131,J,36.1,F,27.08.21,,
132,J,30.2,F,27.08.21,,
133,J,32.9,F,27.08.21,,
134,J,24.9,F,27.08.21,,
135,J,30.1,F,27.08.21,,
136,J,36.6,F,27.08.21,,
137,J,27.4,F,27.08.21,,
138,J,25.6,F,27.08.21,,
139,J,33.1,F,27.08.21,,
140,J,24,F,27.08.21,,
141,K,24.7,F,27.08.21,,
142,K,29.9,F,27.08.21,,
143,K,31.4,F,27.08.21,,
144,K,24.4,F,27.08.21,,
145,K,24.9,F,27.08.21,,
146,K,28.9,F,27.08.21,,
147,K,21.3,F,27.08.21,,
148,K,23.8,F,27.08.21,,
149,K,32.2,F,27.08.21,,
150,K,25,F,27.08.21,,
151,K,30.3,F,27.08.21,,
152,K,20.4,F,27.08.21,,
153,K,28.7,F,27.08.21,,
154,K,22.1,F,27.08.21,,
155,L,31.9,F,27.08.21,,
156,L,NA,T,27.08.21,,
157,L,31.6,F,27.08.21,,
158,L,31.8,F,27.08.21,,
159,L,28.1,F,27.08.21,,
160,L,23.8,F,27.08.21,,
161,L,24,F,27.08.21,,
162,L,37,F,27.08.21,,
163,L,28.7,F,27.08.21,,
164,L,19.2,F,27.08.21,,
165,L,30.5,F,27.08.21,,
166,L,37,F,27.08.21,,
167,L,23.9,F,27.08.21,,
168,L,37.3,F,27.08.21,,
169,M,25.2,F,27.08.21,,
170,M,21.7,F,27.08.21,,
171,M,24.9,F,27.08.21,,
172,M,27.4,F,27.08.21,,
173,M,33.7,F,27.08.21,,
174,M,33.8,F,27.08.21,,
175,M,29.4,F,27.08.21,,
176,M,30,F,27.08.21,,
177,M,30.7,F,27.08.21,,
178,M,16,F,27.08.21,,
179,M,26.6,F,27.08.21,,
180,M,16.3,F,27.08.21,,
181,M,30.4,F,27.08.21,,
182,M,29,F,27.08.21,,
183,N,40.6,F,27.08.21,,
184,N,NA,T,27.08.21,,
185,N,32.8,F,27.08.21,,
186,N,24.6,F,27.08.21,,
187,N,28.7,F,27.08.21,,
188,N,29.5,F,27.08.21,,
189,N,30.2,F,27.08.21,,
190,N,32,F,27.08.21,,
191,N,NA,T,27.08.21,,
192,N,21.1,F,27.08.21,,
193,N,28.4,F,27.08.21,,
194,N,37.9,F,27.08.21,,
195,N,30.7,F,27.08.21,,
196,N,30.7,F,27.08.21,,
197,O,36.2,F,27.08.21,,
198,O,31.3,F,27.08.21,,
199,O,28.7,F,27.08.21,,
200,O,31.1,F,27.08.21,,
201,O,NA,T,27.08.21,,
202,O,NA,T,27.08.21,,
203,O,25.8,F,27.08.21,,
204,O,26.9,F,27.08.21,,
205,O,NA,T,27.08.21,,
206,O,30.7,F,27.08.21,,
207,O,27.3,F,27.08.21,,
208,O,27.5,F,27.08.21,,
209,O,23.1,F,27.08.21,,
210,O,NA,T,27.08.21,,
211,P,18.8,F,27.08.21,,
212,P,19.1,F,27.08.21,,
213,P,16.7,F,27.08.21,,
214,P,24.2,F,27.08.21,,
215,P,21.2,F,27.08.21,,
216,P,25.8,F,27.08.21,,
217,P,31.7,F,27.08.21,,
218,P,22.8,F,27.08.21,,
219,P,25.1,F,27.08.21,,
220,P,26.3,F,27.08.21,,
221,P,NA,T,27.08.21,,
222,P,NA,T,27.08.21,,
223,P,26.5,F,27.08.21,,
224,P,23.4,F,27.08.21,,
1,A,32.3,F,19.09.21,,
2,A,27.7,F,19.09.21,,
3,A,33.2,F,19.09.21,,
4,A,32.9,F,19.09.21,,
5,A,30.2,F,19.09.21,,
6,A,24.8,F,19.09.21,,
7,A,28.6,F,19.09.21,,
8,A,27,F,19.09.21,,
9,A,33.9,F,19.09.21,,
10,A,26.6,F,19.09.21,,
11,A,34.4,F,19.09.21,,
12,A,33,F,19.09.21,,
13,A,30.9,F,19.09.21,,
14,A,33.8,F,19.09.21,,
15,B,NA,T,19.09.21,,
16,B,NA,T,19.09.21,,
17,B,30.8,F,19.09.21,,
18,B,28,F,19.09.21,,
19,B,29.9,F,19.09.21,,
20,B,27.6,F,19.09.21,,
21,B,32.3,F,19.09.21,,
22,B,NA,T,19.09.21,,
23,B,35.2,F,19.09.21,,
24,B,28.9,F,19.09.21,,
25,B,25.4,F,19.09.21,,
26,B,27,F,19.09.21,,
27,B,NA,T,19.09.21,,
28,B,29.2,F,19.09.21,,
29,C,27.6,F,19.09.21,,
30,C,22.2,F,19.09.21,,
31,C,29.8,F,19.09.21,,
32,C,30.7,F,19.09.21,,
33,C,19.1,F,19.09.21,,
34,C,30.4,F,19.09.21,,
35,C,29.2,F,19.09.21,,
36,C,NA,T,19.09.21,,
37,C,29.7,F,19.09.21,,
38,C,NA,T,19.09.21,,
39,C,NA,T,19.09.21,,
40,C,38.5,F,19.09.21,,
41,C,NA,T,19.09.21,,
42,C,NA,T,19.09.21,,
43,D,26.5,F,19.09.21,,
44,D,NA,T,19.09.21,,
45,D,38.1,F,19.09.21,,
46,D,30.7,F,19.09.21,,
47,D,30,F,19.09.21,,
48,D,29.4,F,19.09.21,,
49,D,19.9,F,19.09.21,,
50,D,39.3,F,19.09.21,,
51,D,20,F,19.09.21,,
52,D,27.2,F,19.09.21,,
53,D,NA,T,19.09.21,,
54,D,33.8,F,19.09.21,,
55,D,29,F,19.09.21,,
56,D,35.3,F,19.09.21,,
57,E,35.8,F,19.09.21,,
58,E,31.1,F,19.09.21,,
59,E,29.1,F,19.09.21,,
60,E,33.4,F,19.09.21,,
61,E,37.6,F,19.09.21,,
62,E,NA,T,19.09.21,,
63,E,28.1,F,19.09.21,,
64,E,NA,T,19.09.21,,
65,E,32.4,F,19.09.21,,
66,E,37.5,F,19.09.21,,
67,E,33.3,F,19.09.21,,
68,E,35.1,F,19.09.21,,
69,E,33.6,F,19.09.21,,
70,E,36.6,F,19.09.21,,
71,F,26.7,F,19.09.21,,
72,F,31.5,F,19.09.21,,
73,F,33.3,F,19.09.21,,
74,F,38.5,F,19.09.21,,
75,F,35.5,F,19.09.21,,
76,F,35.4,F,19.09.21,,
77,F,38.2,F,19.09.21,,
78,F,24.7,F,19.09.21,,
79,F,33.4,F,19.09.21,,
80,F,29.8,F,19.09.21,,
81,F,23,F,19.09.21,,
82,F,29.2,F,19.09.21,,
83,F,34.9,F,19.09.21,,
84,F,29.7,F,19.09.21,,
85,G,23.9,F,19.09.21,,
86,G,29,F,19.09.21,,
87,G,23.3,F,19.09.21,,
88,G,21,F,19.09.21,,
89,G,31.6,F,19.09.21,,
90,G,38.7,F,19.09.21,,
91,G,27.2,F,19.09.21,,
92,G,35.6,F,19.09.21,,
93,G,37.2,F,19.09.21,,
94,G,27.1,F,19.09.21,,
95,G,32.9,F,19.09.21,,
96,G,28.6,F,19.09.21,,
97,G,27.7,F,19.09.21,,
98,G,35.4,F,19.09.21,,
99,H,NA,T,19.09.21,,
100,H,24.2,F,19.09.21,,
101,H,36.5,F,19.09.21,,
102,H,39.3,F,19.09.21,,
103,H,25.7,F,19.09.21,,
104,H,28.5,F,19.09.21,,
105,H,23.4,F,19.09.21,,
106,H,28.2,F,19.09.21,,
107,H,29.9,F,19.09.21,,
108,H,24.6,F,19.09.21,,
109,H,28.1,F,19.09.21,,
110,H,31.4,F,19.09.21,,
111,H,36.9,F,19.09.21,,
112,H,34,F,19.09.21,,
113,I,24.6,F,19.09.21,,
114,I,30.2,F,19.09.21,,
115,I,29.3,F,19.09.21,,
116,I,33.9,F,19.09.21,,
117,I,28.1,F,19.09.21,,
118,I,32.8,F,19.09.21,,
119,I,30.6,F,19.09.21,,
120,I,33.8,F,19.09.21,,
121,I,38,F,19.09.21,,
122,I,32.8,F,19.09.21,,
123,I,31.1,F,19.09.21,,
124,I,33,F,19.09.21,,
125,I,31.8,F,19.09.21,,
126,I,33.5,F,19.09.21,,
127,J,27.6,F,19.09.21,,
128,J,33.2,F,19.09.21,,
129,J,38.9,F,19.09.21,,
130,J,27.9,F,19.09.21,,
131,J,33.4,F,19.09.21,,
132,J,29.4,F,19.09.21,,
133,J,34,F,19.09.21,,
134,J,28,F,19.09.21,,
135,J,27.5,F,19.09.21,,
136,J,36.4,F,19.09.21,,
137,J,25.1,F,19.09.21,,
138,J,20.6,F,19.09.21,,
139,J,35.5,F,19.09.21,,
140,J,20.9,F,19.09.21,,
141,K,27.3,F,19.09.21,,
142,K,31,F,19.09.21,,
143,K,31.2,F,19.09.21,,
144,K,26.3,F,19.09.21,,
145,K,25.4,F,19.09.21,,
146,K,29.4,F,19.09.21,,
147,K,24,F,19.09.21,,
148,K,23.8,F,19.09.21,,
149,K,35.9,F,19.09.21,,
150,K,24.4,F,19.09.21,,
151,K,30.7,F,19.09.21,,
152,K,22.6,F,19.09.21,,
153,K,27.8,F,19.09.21,,
154,K,26.3,F,19.09.21,,
155,L,28.6,F,19.09.21,,
156,L,NA,T,19.09.21,,
157,L,29.5,F,19.09.21,,
158,L,26.1,F,19.09.21,,
159,L,27.7,F,19.09.21,,
160,L,23.9,F,19.09.21,,
161,L,22.1,F,19.09.21,,
162,L,38.2,F,19.09.21,,
163,L,30.6,F,19.09.21,,
164,L,16.1,F,19.09.21,,
165,L,29.7,F,19.09.21,,
166,L,37.6,F,19.09.21,,
167,L,28.9,F,19.09.21,,
168,L,38.1,F,19.09.21,,
169,M,25.5,F,19.09.21,,
170,M,22.2,F,19.09.21,,
171,M,20,F,19.09.21,,
172,M,27.1,F,19.09.21,,
173,M,31.5,F,19.09.21,,
174,M,29.3,F,19.09.21,,
175,M,29,F,19.09.21,,
176,M,26.4,F,19.09.21,,
177,M,25.2,F,19.09.21,,
178,M,13.7,F,19.09.21,,
179,M,27.1,F,19.09.21,,
180,M,24.7,F,19.09.21,,
181,M,25.5,F,19.09.21,,
182,M,27.2,F,19.09.21,,
183,N,41.6,F,19.09.21,,
184,N,NA,T,19.09.21,,
185,N,30.7,F,19.09.21,,
186,N,24.4,F,19.09.21,,
187,N,22.7,F,19.09.21,,
188,N,28,F,19.09.21,,
189,N,30.6,F,19.09.21,,
190,N,34.6,F,19.09.21,,
191,N,NA,T,19.09.21,,
192,N,19.5,F,19.09.21,,
193,N,31.1,F,19.09.21,,
194,N,35.4,F,19.09.21,,
195,N,26.5,F,19.09.21,,
196,N,28,F,19.09.21,,
197,O,37.5,F,19.09.21,,
198,O,30.2,F,19.09.21,,
199,O,29.2,F,19.09.21,,
200,O,26.8,F,19.09.21,,
201,O,NA,T,19.09.21,,
202,O,NA,T,19.09.21,,
203,O,25.6,F,19.09.21,,
204,O,20.7,F,19.09.21,,
205,O,NA,T,19.09.21,,
206,O,31.8,F,19.09.21,,
207,O,25.9,F,19.09.21,,
208,O,24.3,F,19.09.21,,
209,O,25.7,F,19.09.21,,
210,O,NA,T,19.09.21,,
211,P,18.7,F,19.09.21,,
212,P,19.8,F,19.09.21,,
213,P,14.8,F,19.09.21,,
214,P,22,F,19.09.21,,
215,P,18.2,F,19.09.21,,
216,P,28.3,F,19.09.21,,
217,P,27.6,F,19.09.21,,
218,P,26.4,F,19.09.21,,
219,P,27.4,F,19.09.21,,
220,P,23,F,19.09.21,,
221,P,NA,T,19.09.21,,
222,P,NA,T,19.09.21,,
223,P,26,F,19.09.21,,
224,P,21,F,19.09.21,,
1,A,29,F,27.09.21,,
2,A,26.3,F,27.09.21,,
3,A,32.6,F,27.09.21,,
4,A,30.9,F,27.09.21,,
5,A,30.1,F,27.09.21,,
6,A,25.7,F,27.09.21,,
7,A,27,F,27.09.21,,
8,A,27.9,F,27.09.21,,
9,A,34,F,27.09.21,,
10,A,23.9,F,27.09.21,,
11,A,32.8,F,27.09.21,,
12,A,27.6,F,27.09.21,,
13,A,26.3,F,27.09.21,,
14,A,34.1,F,27.09.21,,
15,B,NA,T,27.09.21,,
16,B,NA,T,27.09.21,,
17,B,27.7,F,27.09.21,,
18,B,25.5,F,27.09.21,,
19,B,28.4,F,27.09.21,,
20,B,26.3,F,27.09.21,,
21,B,27.7,F,27.09.21,,
22,B,NA,T,27.09.21,,
23,B,33.6,F,27.09.21,,
24,B,27.5,F,27.09.21,,
25,B,23.9,F,27.09.21,,
26,B,26.5,F,27.09.21,,
27,B,NA,T,27.09.21,,
28,B,27.3,F,27.09.21,,
29,C,26.3,F,27.09.21,,
30,C,19.3,F,27.09.21,,
31,C,28.4,F,27.09.21,,
32,C,26.3,F,27.09.21,,
33,C,17.9,F,27.09.21,,
34,C,32,F,27.09.21,,
35,C,30,F,27.09.21,,
36,C,NA,T,27.09.21,,
37,C,27.6,F,27.09.21,,
38,C,NA,T,27.09.21,,
39,C,NA,T,27.09.21,,
40,C,40,F,27.09.21,,
41,C,NA,T,27.09.21,,
42,C,NA,T,27.09.21,,
43,D,28.5,F,27.09.21,,
44,D,NA,T,27.09.21,,
45,D,37.5,F,27.09.21,,
46,D,29.4,F,27.09.21,,
47,D,30.4,F,27.09.21,,
48,D,28,F,27.09.21,,
49,D,16.5,F,27.09.21,,
50,D,36.4,F,27.09.21,,
51,D,23.1,F,27.09.21,,
52,D,24.6,F,27.09.21,,
53,D,NA,T,27.09.21,,
54,D,28.3,F,27.09.21,,
55,D,28.5,F,27.09.21,,
56,D,36.5,F,27.09.21,,
57,E,39.1,F,27.09.21,,
58,E,30.7,F,27.09.21,,
59,E,26.9,F,27.09.21,,
60,E,32,F,27.09.21,,
61,E,38,F,27.09.21,,
62,E,NA,T,27.09.21,,
63,E,25.5,F,27.09.21,,
64,E,NA,T,27.09.21,,
65,E,32.7,F,27.09.21,,
66,E,NA,T,27.09.21,,
67,E,33.6,F,27.09.21,,
68,E,33,F,27.09.21,,
69,E,30.6,F,27.09.21,,
70,E,35.6,F,27.09.21,,
71,F,24,F,27.09.21,,
72,F,30.8,F,27.09.21,,
73,F,32.5,F,27.09.21,,
74,F,38.1,F,27.09.21,,
75,F,33.6,F,27.09.21,,
76,F,34.3,F,27.09.21,,
77,F,35.4,F,27.09.21,,
78,F,23.4,F,27.09.21,,
79,F,31.7,F,27.09.21,,
80,F,27.8,F,27.09.21,,
81,F,21,F,27.09.21,,
82,F,27.3,F,27.09.21,,
83,F,32.2,F,27.09.21,,
84,F,26.9,F,27.09.21,,
85,G,26.9,F,27.09.21,,
86,G,26.7,F,27.09.21,,
87,G,22.1,F,27.09.21,,
88,G,20.1,F,27.09.21,,
89,G,30.4,F,27.09.21,,
90,G,35.7,F,27.09.21,,
91,G,28.5,F,27.09.21,,
92,G,36,F,27.09.21,,
93,G,35.9,F,27.09.21,,
94,G,25.2,F,27.09.21,,
95,G,33,F,27.09.21,,
96,G,25.5,F,27.09.21,,
97,G,27,F,27.09.21,,
98,G,38.9,F,27.09.21,,
99,H,NA,T,27.09.21,,
100,H,23.5,F,27.09.21,,
101,H,34.1,F,27.09.21,,
102,H,39.9,F,27.09.21,,
103,H,24.8,F,27.09.21,,
104,H,28.3,F,27.09.21,,
105,H,21.9,F,27.09.21,,
106,H,25,F,27.09.21,,
107,H,29.4,F,27.09.21,,
108,H,24.9,F,27.09.21,,
109,H,22.1,F,27.09.21,,
110,H,29.6,F,27.09.21,,
111,H,33.7,F,27.09.21,,
112,H,34.5,F,27.09.21,,
113,I,27.1,F,27.09.21,,
114,I,32.1,F,27.09.21,,
115,I,28,F,27.09.21,,
116,I,28.2,F,27.09.21,,
117,I,27.1,F,27.09.21,,
118,I,34.2,F,27.09.21,,
119,I,30.4,F,27.09.21,,
120,I,30.2,F,27.09.21,,
121,I,37.1,F,27.09.21,,
122,I,30.9,F,27.09.21,,
123,I,29.4,F,27.09.21,,
124,I,34.1,F,27.09.21,,
125,I,31.4,F,27.09.21,,
126,I,34.6,F,27.09.21,,
127,J,27.5,F,27.09.21,,
128,J,29.7,F,27.09.21,,
129,J,35.6,F,27.09.21,,
130,J,27.9,F,27.09.21,,
131,J,30.6,F,27.09.21,,
132,J,27.1,F,27.09.21,,
133,J,30.8,F,27.09.21,,
134,J,27.6,F,27.09.21,,
135,J,22.8,F,27.09.21,,
136,J,34.6,F,27.09.21,,
137,J,24.7,F,27.09.21,,
138,J,18.5,F,27.09.21,,
139,J,30.9,F,27.09.21,,
140,J,18.4,F,27.09.21,,
141,K,24.9,F,27.09.21,,
142,K,26.9,F,27.09.21,,
143,K,28.7,F,27.09.21,,
144,K,26.3,F,27.09.21,,
145,K,22.2,F,27.09.21,,
146,K,28.1,F,27.09.21,,
147,K,23,F,27.09.21,,
148,K,23.5,F,27.09.21,,
149,K,32.3,F,27.09.21,,
150,K,21,F,27.09.21,,
151,K,27.7,F,27.09.21,,
152,K,20.4,F,27.09.21,,
153,K,28.6,F,27.09.21,,
154,K,22.6,F,27.09.21,,
155,L,30.7,F,27.09.21,,
156,L,NA,T,27.09.21,,
157,L,29.2,F,27.09.21,,
158,L,29.2,F,27.09.21,,
159,L,29.4,F,27.09.21,,
160,L,21.5,F,27.09.21,,
161,L,22.9,F,27.09.21,,
162,L,37.9,F,27.09.21,,
163,L,30,F,27.09.21,,
164,L,13.3,F,27.09.21,,
165,L,31,F,27.09.21,,
166,L,36.2,F,27.09.21,,
167,L,25.3,F,27.09.21,,
168,L,36.8,F,27.09.21,,
169,M,22.2,F,27.09.21,,
170,M,19.7,F,27.09.21,,
171,M,17.7,F,27.09.21,,
172,M,23,F,27.09.21,,
173,M,32,F,27.09.21,,
174,M,32.9,F,27.09.21,,
175,M,24.8,F,27.09.21,,
176,M,25.3,F,27.09.21,,
177,M,24,F,27.09.21,,
178,M,10.5,F,27.09.21,,
179,M,25.7,F,27.09.21,,
180,M,27.8,F,27.09.21,,
181,M,21.4,F,27.09.21,,
182,M,22.8,F,27.09.21,,
183,N,44.5,F,27.09.21,,
184,N,NA,T,27.09.21,,
185,N,33.5,F,27.09.21,,
186,N,21.2,F,27.09.21,,
187,N,21.4,F,27.09.21,,
188,N,25.1,F,27.09.21,,
189,N,30.9,F,27.09.21,,
190,N,34.9,F,27.09.21,,
191,N,NA,T,27.09.21,,
192,N,20.4,F,27.09.21,,
193,N,30.5,F,27.09.21,,
194,N,NA,T,27.09.21,,
195,N,22.7,F,27.09.21,,
196,N,27.1,F,27.09.21,,
197,O,36.6,F,27.09.21,,
198,O,29.8,F,27.09.21,,
199,O,25.3,F,27.09.21,,
200,O,33.2,F,27.09.21,,
201,O,NA,T,27.09.21,,
202,O,NA,T,27.09.21,,
203,O,25.7,F,27.09.21,,
204,O,16.9,F,27.09.21,,
205,O,NA,T,27.09.21,,
206,O,31.9,F,27.09.21,,
207,O,25.6,F,27.09.21,,
208,O,19,F,27.09.21,,
209,O,18.7,F,27.09.21,,
210,O,NA,T,27.09.21,,
211,P,15.6,F,27.09.21,,
212,P,18.2,F,27.09.21,,
213,P,14.7,F,27.09.21,,
214,P,21.5,F,27.09.21,,
215,P,15.4,F,27.09.21,,
216,P,26.4,F,27.09.21,,
217,P,23,F,27.09.21,,
218,P,24.5,F,27.09.21,,
219,P,25.9,F,27.09.21,,
220,P,25,F,27.09.21,,
221,P,NA,T,27.09.21,,
222,P,NA,T,27.09.21,,
223,P,21.6,F,27.09.21,,
224,P,18.9,F,27.09.21,,
1,A,28.3,F,05.10.21,06.10.21,
2,A,26.1,F,05.10.21,06.10.21,
3,A,31.4,F,05.10.21,05.10.21,
4,A,28.6,F,05.10.21,05.10.21,
5,A,30.3,F,05.10.21,06.10.21,
6,A,21.8,F,05.10.21,05.10.21,
7,A,24.8,F,05.10.21,06.10.21,
8,A,25.3,F,05.10.21,06.10.21,
9,A,32,F,05.10.21,06.10.21,
10,A,23.4,F,05.10.21,05.10.21,
11,A,34.3,F,05.10.21,06.10.21,
12,A,23.6,F,05.10.21,05.10.21,
13,A,27.9,F,05.10.21,06.10.21,
14,A,33.8,F,05.10.21,05.10.21,
15,B,NA,T,05.10.21,06.10.21,
16,B,NA,T,05.10.21,06.10.21,
17,B,19.9,F,05.10.21,06.10.21,
18,B,23,F,05.10.21,06.10.21,
19,B,22.3,F,05.10.21,06.10.21,
20,B,26.5,F,05.10.21,05.10.21,
21,B,26.5,F,05.10.21,06.10.21,
22,B,NA,T,05.10.21,06.10.21,
23,B,32.7,F,05.10.21,05.10.21,
24,B,24.3,F,05.10.21,06.10.21,
25,B,22.5,F,05.10.21,05.10.21,
26,B,18.9,F,05.10.21,06.10.21,
27,B,NA,T,05.10.21,06.10.21,
28,B,29.4,F,05.10.21,05.10.21,
29,C,26.1,F,05.10.21,06.10.21,
30,C,16.7,F,05.10.21,05.10.21,
31,C,29.4,F,05.10.21,06.10.21,
32,C,24.7,F,05.10.21,06.10.21,
33,C,12.5,F,05.10.21,05.10.21,
34,C,30.3,F,05.10.21,05.10.21,
35,C,29.2,F,05.10.21,06.10.21,
36,C,NA,T,05.10.21,06.10.21,
37,C,24.4,F,05.10.21,05.10.21,
38,C,NA,T,05.10.21,06.10.21,
39,C,NA,T,05.10.21,06.10.21,
40,C,39,F,05.10.21,06.10.21,
41,C,NA,T,05.10.21,06.10.21,
42,C,NA,T,05.10.21,06.10.21,
43,D,23.2,F,05.10.21,06.10.21,
44,D,NA,T,05.10.21,06.10.21,
45,D,40.8,F,05.10.21,05.10.21,
46,D,29.3,F,05.10.21,06.10.21,
47,D,29.4,F,05.10.21,06.10.21,
48,D,28.3,F,05.10.21,05.10.21,
49,D,16.4,F,05.10.21,06.10.21,
50,D,36.8,F,05.10.21,05.10.21,
51,D,21.2,F,05.10.21,06.10.21,
52,D,22.1,F,05.10.21,05.10.21,
53,D,NA,T,05.10.21,06.10.21,
54,D,27,F,05.10.21,05.10.21,
55,D,29.1,F,05.10.21,06.10.21,
56,D,34,F,05.10.21,06.10.21,
57,E,37.7,F,05.10.21,05.10.21,
58,E,32.9,F,05.10.21,06.10.21,
59,E,26.7,F,05.10.21,05.10.21,
60,E,32.1,F,05.10.21,06.10.21,
61,E,37.8,F,05.10.21,06.10.21,
62,E,NA,T,05.10.21,06.10.21,
63,E,24.3,F,05.10.21,05.10.21,
64,E,NA,T,05.10.21,06.10.21,
65,E,28.5,F,05.10.21,06.10.21,
66,E,35.3,F,05.10.21,06.10.21,
67,E,33.8,F,05.10.21,05.10.21,
68,E,34.6,F,05.10.21,05.10.21,
69,E,28.7,F,05.10.21,06.10.21,
70,E,36.5,F,05.10.21,06.10.21,
71,F,21.5,F,05.10.21,06.10.21,
72,F,29.1,F,05.10.21,06.10.21,
73,F,27.3,F,05.10.21,06.10.21,
74,F,38.6,F,05.10.21,06.10.21,
75,F,32.1,F,05.10.21,06.10.21,
76,F,33.3,F,05.10.21,05.10.21,
77,F,34.6,F,05.10.21,05.10.21,
78,F,18.4,F,05.10.21,06.10.21,
79,F,26.7,F,05.10.21,06.10.21,
80,F,27.4,F,05.10.21,06.10.21,
81,F,21.8,F,05.10.21,05.10.21,
82,F,28.6,F,05.10.21,05.10.21,
83,F,28.9,F,05.10.21,06.10.21,
84,F,28,F,05.10.21,05.10.21,
85,G,25.7,F,05.10.21,06.10.21,
86,G,25.2,F,05.10.21,05.10.21,
87,G,18.5,F,05.10.21,05.10.21,
88,G,18.7,F,05.10.21,06.10.21,
89,G,23.9,F,05.10.21,06.10.21,
90,G,31.2,F,05.10.21,06.10.21,
91,G,26.5,F,05.10.21,05.10.21,
92,G,35,F,05.10.21,05.10.21,
93,G,33.4,F,05.10.21,06.10.21,
94,G,25.2,F,05.10.21,05.10.21,
95,G,33,F,05.10.21,05.10.21,
96,G,27.7,F,05.10.21,06.10.21,
97,G,26.9,F,05.10.21,06.10.21,
98,G,36.4,F,05.10.21,06.10.21,
99,H,NA,T,05.10.21,06.10.21,
100,H,19.9,F,05.10.21,05.10.21,
101,H,29.4,F,05.10.21,05.10.21,
102,H,38.8,F,05.10.21,06.10.21,
103,H,21.2,F,05.10.21,06.10.21,
104,H,24.4,F,05.10.21,06.10.21,
105,H,22.2,F,05.10.21,06.10.21,
106,H,22.6,F,05.10.21,05.10.21,
107,H,26.7,F,05.10.21,05.10.21,
108,H,24,F,05.10.21,06.10.21,
109,H,25.2,F,05.10.21,06.10.21,
110,H,28.3,F,05.10.21,05.10.21,
111,H,34,F,05.10.21,06.10.21,
112,H,28.3,F,05.10.21,06.10.21,
113,I,21.4,F,05.10.21,06.10.21,
114,I,30.8,F,05.10.21,06.10.21,
115,I,28.4,F,05.10.21,05.10.21,
116,I,35.7,F,05.10.21,05.10.21,
117,I,25.9,F,05.10.21,06.10.21,
118,I,31.4,F,05.10.21,06.10.21,
119,I,29.3,F,05.10.21,05.10.21,
120,I,33.2,F,05.10.21,06.10.21,
121,I,37.5,F,05.10.21,06.10.21,
122,I,26.9,F,05.10.21,06.10.21,
123,I,26.9,F,05.10.21,05.10.21,
124,I,30.2,F,05.10.21,06.10.21,
125,I,30.8,F,05.10.21,05.10.21,
126,I,33.5,F,05.10.21,06.10.21,
127,J,26.6,F,05.10.21,06.10.21,
128,J,28.2,F,05.10.21,05.10.21,
129,J,25.1,F,05.10.21,06.10.21,
130,J,25.6,F,05.10.21,05.10.21,
131,J,27.8,F,05.10.21,06.10.21,
132,J,27.3,F,05.10.21,06.10.21,
133,J,30.8,F,05.10.21,05.10.21,
134,J,26.3,F,05.10.21,06.10.21,
135,J,19.2,F,05.10.21,06.10.21,
136,J,33.9,F,05.10.21,05.10.21,
137,J,22.1,F,05.10.21,05.10.21,
138,J,17.4,F,05.10.21,06.10.21,
139,J,34.9,F,05.10.21,05.10.21,
140,J,16.1,F,05.10.21,06.10.21,
141,K,23.8,F,05.10.21,05.10.21,
142,K,28.8,F,05.10.21,05.10.21,
143,K,26.4,F,05.10.21,06.10.21,
144,K,24.5,F,05.10.21,06.10.21,
145,K,24,F,05.10.21,05.10.21,
146,K,27.9,F,05.10.21,06.10.21,
147,K,21.9,F,05.10.21,05.10.21,
148,K,18.2,F,05.10.21,05.10.21,
149,K,31.8,F,05.10.21,06.10.21,
150,K,16.1,F,05.10.21,06.10.21,
151,K,30.7,F,05.10.21,05.10.21,
152,K,22.1,F,05.10.21,06.10.21,
153,K,26.5,F,05.10.21,06.10.21,
154,K,19.2,F,05.10.21,06.10.21,
155,L,28.6,F,05.10.21,05.10.21,
156,L,NA,T,05.10.21,06.10.21,
157,L,27,F,05.10.21,05.10.21,
158,L,26.6,F,05.10.21,06.10.21,
159,L,27.7,F,05.10.21,05.10.21,
160,L,20,F,05.10.21,06.10.21,
161,L,19.7,F,05.10.21,06.10.21,
162,L,38.9,F,05.10.21,06.10.21,
163,L,28.6,F,05.10.21,05.10.21,
164,L,8.7,F,05.10.21,06.10.21,
165,L,27.3,F,05.10.21,05.10.21,
166,L,32.7,F,05.10.21,06.10.21,
167,L,24.2,F,05.10.21,05.10.21,
168,L,35.6,F,05.10.21,06.10.21,
169,M,21.7,F,05.10.21,05.10.21,
170,M,16.3,F,05.10.21,06.10.21,
171,M,14,F,05.10.21,06.10.21,
172,M,22.3,F,05.10.21,06.10.21,
173,M,25.6,F,05.10.21,06.10.21,
174,M,27.1,F,05.10.21,06.10.21,
175,M,26.3,F,05.10.21,05.10.21,
176,M,21.6,F,05.10.21,05.10.21,
177,M,22.8,F,05.10.21,05.10.21,
178,M,10.6,F,05.10.21,05.10.21,
179,M,26.7,F,05.10.21,05.10.21,
180,M,24.4,F,05.10.21,06.10.21,
181,M,18.6,F,05.10.21,06.10.21,
182,M,19.3,F,05.10.21,06.10.21,
183,N,40.2,F,05.10.21,06.10.21,
184,N,NA,T,05.10.21,06.10.21,
185,N,30.6,F,05.10.21,06.10.21,
186,N,20.2,F,05.10.21,05.10.21,
187,N,20.3,F,05.10.21,06.10.21,
188,N,22.1,F,05.10.21,06.10.21,
189,N,29.2,F,05.10.21,06.10.21,
190,N,34.1,F,05.10.21,05.10.21,
191,N,NA,T,05.10.21,06.10.21,
192,N,15.6,F,05.10.21,06.10.21,
193,N,28.5,F,05.10.21,05.10.21,
194,N,36.5,F,05.10.21,05.10.21,
195,N,20.8,F,05.10.21,06.10.21,
196,N,23.6,F,05.10.21,05.10.21,
197,O,32.7,F,05.10.21,06.10.21,
198,O,29.6,F,05.10.21,06.10.21,
199,O,25,F,05.10.21,05.10.21,
200,O,30.5,F,05.10.21,06.10.21,
201,O,NA,T,05.10.21,06.10.21,
202,O,NA,T,05.10.21,06.10.21,
203,O,24,F,05.10.21,06.10.21,
204,O,15.4,F,05.10.21,06.10.21,
205,O,NA,T,05.10.21,06.10.21,
206,O,30,F,05.10.21,06.10.21,
207,O,22,F,05.10.21,05.10.21,
208,O,17,F,05.10.21,05.10.21,
209,O,22.1,F,05.10.21,05.10.21,
210,O,NA,T,05.10.21,06.10.21,
211,P,15.2,F,05.10.21,05.10.21,
212,P,17,F,05.10.21,05.10.21,
213,P,14.3,F,05.10.21,06.10.21,
214,P,18,F,05.10.21,06.10.21,
215,P,13.3,F,05.10.21,05.10.21,
216,P,25.8,F,05.10.21,06.10.21,
217,P,20.7,F,05.10.21,06.10.21,
218,P,22.3,F,05.10.21,06.10.21,
219,P,25,F,05.10.21,06.10.21,
220,P,25.7,F,05.10.21,06.10.21,
221,P,NA,T,05.10.21,06.10.21,
222,P,NA,T,05.10.21,06.10.21,
223,P,21.9,F,05.10.21,06.10.21,
224,P,16.2,F,05.10.21,05.10.21,
1,A,29.5,F,11.10.21,,
2,A,24,F,11.10.21,,
3,A,27.7,F,11.10.21,,
4,A,28.7,F,11.10.21,,
5,A,25.9,F,11.10.21,,
6,A,20.4,F,11.10.21,,
7,A,27.5,F,11.10.21,,
8,A,24.1,F,11.10.21,,
9,A,32.9,F,11.10.21,,
10,A,20.7,F,11.10.21,,
11,A,34.4,F,11.10.21,,
12,A,23.6,F,11.10.21,,
13,A,27.2,F,11.10.21,,
14,A,32.6,F,11.10.21,,
15,B,NA,T,11.10.21,,
16,B,NA,T,11.10.21,,
17,B,23.1,F,11.10.21,,
18,B,20.8,F,11.10.21,,
19,B,24.2,F,11.10.21,,
20,B,25.4,F,11.10.21,,
21,B,24.9,F,11.10.21,,
22,B,NA,T,11.10.21,,
23,B,31.1,F,11.10.21,,
24,B,23.5,F,11.10.21,,
25,B,21.5,F,11.10.21,,
26,B,20.6,F,11.10.21,,
27,B,NA,T,11.10.21,,
28,B,23.2,F,11.10.21,,
29,C,27,F,11.10.21,,
30,C,15.9,F,11.10.21,,
31,C,26.6,F,11.10.21,,
32,C,26.2,F,11.10.21,,
33,C,12.4,F,11.10.21,,
34,C,27.7,F,11.10.21,,
35,C,NA,T,11.10.21,,
36,C,NA,T,11.10.21,,
37,C,22.7,F,11.10.21,,
38,C,NA,T,11.10.21,,
39,C,NA,T,11.10.21,,
40,C,37.9,F,11.10.21,,
41,C,NA,T,11.10.21,,
42,C,NA,T,11.10.21,,
43,D,22.9,F,11.10.21,,
44,D,NA,T,11.10.21,,
45,D,38.5,F,11.10.21,,
46,D,30.4,F,11.10.21,,
47,D,28.6,F,11.10.21,,
48,D,28.7,F,11.10.21,,
49,D,12.6,F,11.10.21,,
50,D,35,F,11.10.21,,
51,D,21.1,F,11.10.21,,
52,D,22,F,11.10.21,,
53,D,NA,T,11.10.21,,
54,D,25.2,F,11.10.21,,
55,D,27.9,F,11.10.21,,
56,D,35.7,F,11.10.21,,
57,E,34.3,F,11.10.21,,
58,E,28.2,F,11.10.21,,
59,E,25.4,F,11.10.21,,
60,E,27.7,F,11.10.21,,
61,E,39.9,F,11.10.21,,
62,E,NA,T,11.10.21,,
63,E,25.4,F,11.10.21,,
64,E,NA,T,11.10.21,,
65,E,28.4,F,11.10.21,,
66,E,36.6,F,11.10.21,,
67,E,30.7,F,11.10.21,,
68,E,33.4,F,11.10.21,,
69,E,28.5,F,11.10.21,,
70,E,36.2,F,11.10.21,,
71,F,20.3,F,11.10.21,,
72,F,24.1,F,11.10.21,,
73,F,26.2,F,11.10.21,,
74,F,36.5,F,11.10.21,,
75,F,NA,T,11.10.21,,
76,F,31.5,F,11.10.21,,
77,F,35.1,F,11.10.21,,
78,F,21,F,11.10.21,,
79,F,26.5,F,11.10.21,,
80,F,26.5,F,11.10.21,,
81,F,21.2,F,11.10.21,,
82,F,29.4,F,11.10.21,,
83,F,28.8,F,11.10.21,,
84,F,25.1,F,11.10.21,,
85,G,25.7,F,11.10.21,,
86,G,24.6,F,11.10.21,,
87,G,20.8,F,11.10.21,,
88,G,15.3,F,11.10.21,,
89,G,26.5,F,11.10.21,,
90,G,36.4,F,11.10.21,,
91,G,25.7,F,11.10.21,,
92,G,31.7,F,11.10.21,,
93,G,35.1,F,11.10.21,,
94,G,23.4,F,11.10.21,,
95,G,31.4,F,11.10.21,,
96,G,32,F,11.10.21,,
97,G,29.6,F,11.10.21,,
98,G,36.4,F,11.10.21,,
99,H,NA,T,11.10.21,,
100,H,19.8,F,11.10.21,,
101,H,29,F,11.10.21,,
102,H,37.7,F,11.10.21,,
103,H,20.1,F,11.10.21,,
104,H,23.8,F,11.10.21,,
105,H,22.2,F,11.10.21,,
106,H,21.7,F,11.10.21,,
107,H,25.5,F,11.10.21,,
108,H,24.5,F,11.10.21,,
109,H,21.3,F,11.10.21,,
110,H,25.7,F,11.10.21,,
111,H,35.7,F,11.10.21,,
112,H,32.5,F,11.10.21,,
113,I,22.1,F,11.10.21,,
114,I,31.6,F,11.10.21,,
115,I,27.3,F,11.10.21,,
116,I,30.3,F,11.10.21,,
117,I,26.9,F,11.10.21,,
118,I,33.5,F,11.10.21,,
119,I,27,F,11.10.21,,
120,I,28.3,F,11.10.21,,
121,I,33.5,F,11.10.21,,
122,I,27,F,11.10.21,,
123,I,24.9,F,11.10.21,,
124,I,31.7,F,11.10.21,,
125,I,29.8,F,11.10.21,,
126,I,32.2,F,11.10.21,,
127,J,24.7,F,11.10.21,,
128,J,31.1,F,11.10.21,,
129,J,38.1,F,11.10.21,,
130,J,23.2,F,11.10.21,,
131,J,29.9,F,11.10.21,,
132,J,25.9,F,11.10.21,,
133,J,30.4,F,11.10.21,,
134,J,23.3,F,11.10.21,,
135,J,21.8,F,11.10.21,,
136,J,31.9,F,11.10.21,,
137,J,21.3,F,11.10.21,,
138,J,14.3,F,11.10.21,,
139,J,31,F,11.10.21,,
140,J,17.1,F,11.10.21,,
141,K,23.3,F,11.10.21,,
142,K,29.7,F,11.10.21,,
143,K,28.8,F,11.10.21,,
144,K,22.4,F,11.10.21,,
145,K,21.7,F,11.10.21,,
146,K,25.2,F,11.10.21,,
147,K,20.9,F,11.10.21,,
148,K,18.5,F,11.10.21,,
149,K,NA,T,11.10.21,,
150,K,16.4,F,11.10.21,,
151,K,29.9,F,11.10.21,,
152,K,17.1,F,11.10.21,,
153,K,25.4,F,11.10.21,,
154,K,18.3,F,11.10.21,,
155,L,26.3,F,11.10.21,,
156,L,NA,T,11.10.21,,
157,L,33.1,F,11.10.21,,
158,L,29,F,11.10.21,,
159,L,25.6,F,11.10.21,,
160,L,21.5,F,11.10.21,,
161,L,20.4,F,11.10.21,,
162,L,37.3,F,11.10.21,,
163,L,29.1,F,11.10.21,,
164,L,8,F,11.10.21,,
165,L,27.7,F,11.10.21,,
166,L,33.5,F,11.10.21,,
167,L,24.5,F,11.10.21,,
168,L,35.1,F,11.10.21,,
169,M,18.8,F,11.10.21,,
170,M,18.1,F,11.10.21,,
171,M,12.3,F,11.10.21,,
172,M,18.7,F,11.10.21,,
173,M,24.2,F,11.10.21,,
174,M,26.4,F,11.10.21,,
175,M,20.9,F,11.10.21,,
176,M,21.1,F,11.10.21,,
177,M,21.2,F,11.10.21,,
178,M,8.6,F,11.10.21,,
179,M,24.6,F,11.10.21,,
180,M,25.5,F,11.10.21,,
181,M,16.7,F,11.10.21,,
182,M,21.3,F,11.10.21,,
183,N,39.3,F,11.10.21,,
184,N,NA,F,11.10.21,,
185,N,31.7,F,11.10.21,,
186,N,16.2,F,11.10.21,,
187,N,17.9,F,11.10.21,,
188,N,22.7,F,11.10.21,,
189,N,30.2,F,11.10.21,,
190,N,32.3,F,11.10.21,,
191,N,NA,T,11.10.21,,
192,N,19.5,F,11.10.21,,
193,N,25.9,F,11.10.21,,
194,N,33.2,F,11.10.21,,
195,N,16.3,F,11.10.21,,
196,N,20.2,F,11.10.21,,
197,O,34.2,F,11.10.21,,
198,O,31.1,F,11.10.21,,
199,O,23,F,11.10.21,,
200,O,29.3,F,11.10.21,,
201,O,NA,T,11.10.21,,
202,O,NA,T,11.10.21,,
203,O,24.2,F,11.10.21,,
204,O,15.3,F,11.10.21,,
205,O,NA,T,11.10.21,,
206,O,30.3,F,11.10.21,,
207,O,23.3,F,11.10.21,,
208,O,17.8,F,11.10.21,,
209,O,20,F,11.10.21,,
210,O,NA,T,11.10.21,,
211,P,13.2,F,11.10.21,,
212,P,13.8,F,11.10.21,,
213,P,14.9,F,11.10.21,,
214,P,17.5,F,11.10.21,,
215,P,14.3,F,11.10.21,,
216,P,26.7,F,11.10.21,,
217,P,17.9,F,11.10.21,,
218,P,23.7,F,11.10.21,,
219,P,25.7,F,11.10.21,,
220,P,25.1,F,11.10.21,,
221,P,NA,T,11.10.21,,
222,P,NA,T,11.10.21,,
223,P,20.1,F,11.10.21,,
224,P,15.2,F,11.10.21,,
1,A,27.9,F,18.10.21,cca 20 leaves left,
2,A,22.4,F,18.10.21,,
3,A,28.2,F,18.10.21,,
4,A,21.9,F,18.10.21,,
5,A,26.9,F,18.10.21,,
6,A,19,F,18.10.21,,
7,A,24.6,F,18.10.21,,
8,A,21.8,F,18.10.21,,
9,A,32.3,F,18.10.21,,
10,A,14.3,F,18.10.21,,
11,A,31.8,F,18.10.21,,
12,A,15.4,F,18.10.21,,
13,A,22,F,18.10.21,,
14,A,29.3,F,18.10.21,,
15,B,NA,T,18.10.21,,
16,B,NA,T,18.10.21,,
17,B,14.4,F,18.10.21,,
18,B,15.1,F,18.10.21,,
19,B,15.3,F,18.10.21,,
20,B,24.4,F,18.10.21,,
21,B,19.7,F,18.10.21,,
22,B,NA,T,18.10.21,,
23,B,28.3,F,18.10.21,,
24,B,18.1,F,18.10.21,,
25,B,20.7,F,18.10.21,,
26,B,17.2,F,18.10.21,,
27,B,NA,T,18.10.21,,
28,B,21.5,F,18.10.21,,
29,C,25.2,F,18.10.21,,
30,C,12.7,F,18.10.21,,
31,C,24.5,F,18.10.21,,
32,C,19.1,F,18.10.21,,
33,C,7.9,F,18.10.21,,
34,C,26.3,F,18.10.21,,
35,C,28.2,F,18.10.21,,
36,C,NA,T,18.10.21,,
37,C,19.1,F,18.10.21,,
38,C,NA,T,18.10.21,,
39,C,NA,T,18.10.21,,
40,C,35.7,F,18.10.21,,
41,C,NA,T,18.10.21,,
42,C,NA,T,18.10.21,,
43,D,15.8,F,18.10.21,dark dots,
44,D,NA,T,18.10.21,,
45,D,33.5,F,18.10.21,,
46,D,26.3,F,18.10.21,,
47,D,26.1,F,18.10.21,,
48,D,24.5,F,18.10.21,,
49,D,9.2,F,18.10.21,,
50,D,34.5,F,18.10.21,,
51,D,18.8,F,18.10.21,,
52,D,16.8,F,18.10.21,,
53,D,NA,T,18.10.21,,
54,D,22.3,F,18.10.21,,
55,D,25.8,F,18.10.21,,
56,D,29.1,F,18.10.21,,
57,E,30.6,F,18.10.21,,
58,E,28.1,F,18.10.21,,
59,E,23.2,F,18.10.21,,
60,E,26.5,F,18.10.21,,
61,E,33.2,F,18.10.21,,
62,E,NA,T,18.10.21,,
63,E,19.1,F,18.10.21,,
64,E,NA,T,18.10.21,,
65,E,24.1,F,18.10.21,,
66,E,32.4,F,18.10.21,,
67,E,27.9,F,18.10.21,,
68,E,31,F,18.10.21,,
69,E,26.5,F,18.10.21,,
70,E,33.2,F,18.10.21,,
71,F,15.1,F,18.10.21,,
72,F,21.9,F,18.10.21,,
73,F,18.6,F,18.10.21,,
74,F,33.4,F,18.10.21,,
75,F,30.2,F,18.10.21,,
76,F,32.1,F,18.10.21,,
77,F,28.5,F,18.10.21,,
78,F,12.8,F,18.10.21,,
79,F,21,F,18.10.21,,
80,F,21,F,18.10.21,,
81,F,20.7,F,18.10.21,,
82,F,26.2,F,18.10.21,,
83,F,24.2,F,18.10.21,,
84,F,23.8,F,18.10.21,20 leaves left cca,
85,G,23.2,F,18.10.21,15 leaves left,
86,G,24.4,F,18.10.21,,
87,G,11.2,F,18.10.21,,
88,G,10.5,F,18.10.21,,
89,G,23.2,F,18.10.21,,
90,G,33.1,F,18.10.21,,
91,G,22.1,F,18.10.21,,
92,G,30.3,F,18.10.21,,
93,G,31.8,F,18.10.21,,
94,G,22.6,F,18.10.21,,
95,G,24.8,F,18.10.21,,
96,G,20.8,F,18.10.21,,
97,G,23.7,F,18.10.21,lots of brown spotted leaves,
98,G,34.1,F,18.10.21,,
99,H,NA,T,18.10.21,,
100,H,16.2,F,18.10.21,,
101,H,26.2,F,18.10.21,,
102,H,35.5,F,18.10.21,,
103,H,17.6,F,18.10.21,,
104,H,24,F,18.10.21,,
105,H,22.2,F,18.10.21,,
106,H,18.5,F,18.10.21,,
107,H,23,F,18.10.21,,
108,H,23.2,F,18.10.21,,
109,H,15.6,F,18.10.21,,
110,H,22.2,F,18.10.21,,
111,H,30.6,F,18.10.21,,
112,H,29.7,F,18.10.21,lots of brown leaves,
113,I,14.7,F,18.10.21,,
114,I,29.3,F,18.10.21,,
115,I,26.7,F,18.10.21,,
116,I,27.3,F,18.10.21,,
117,I,25.9,F,18.10.21,cca 20 leaves left,
118,I,32.1,F,18.10.21,,
119,I,24.2,F,18.10.21,,
120,I,27.6,F,18.10.21,,
121,I,35.9,F,18.10.21,,
122,I,22.9,F,18.10.21,,
123,I,22.1,F,18.10.21,,
124,I,25.8,F,18.10.21,,
125,I,25.1,F,18.10.21,,
126,I,31.4,F,18.10.21,,
127,J,20.9,F,18.10.21,,
128,J,25.3,F,18.10.21,,
129,J,34.8,F,18.10.21,,
130,J,21.1,F,18.10.21,,
131,J,23,F,18.10.21,,
132,J,24.6,F,18.10.21,,
133,J,29.6,F,18.10.21,,
134,J,24.2,F,18.10.21,,
135,J,19.5,F,18.10.21,,
136,J,25.6,F,18.10.21,,
137,J,13.7,F,18.10.21,,
138,J,13.4,F,18.10.21,,
139,J,29,F,18.10.21,,
140,J,8.7,F,18.10.21,,
141,K,18.9,F,18.10.21,,
142,K,26.8,F,18.10.21,,
143,K,23.3,F,18.10.21,,
144,K,19.7,F,18.10.21,,
145,K,20,F,18.10.21,,
146,K,22.8,F,18.10.21,big brown spots,
147,K,20.8,F,18.10.21,,
148,K,10.6,F,18.10.21,,
149,K,27.3,F,18.10.21,,
150,K,11.3,F,18.10.21,,
151,K,26,F,18.10.21,,
152,K,15.2,F,18.10.21,,
153,K,24.2,F,18.10.21,,
154,K,14.2,F,18.10.21,,
155,L,22.2,F,18.10.21,,
156,L,NA,T,18.10.21,,
157,L,22.2,F,18.10.21,,
158,L,27.6,F,18.10.21,,
159,L,21.3,F,18.10.21,,
160,L,19.8,F,18.10.21,,
161,L,14.3,F,18.10.21,,
162,L,35.6,F,18.10.21,,
163,L,25.2,F,18.10.21,,
164,L,8,F,18.10.21,,
165,L,24.7,F,18.10.21,,
166,L,29.7,F,18.10.21,,
167,L,19.8,F,18.10.21,,
168,L,34.2,F,18.10.21,,
169,M,14.8,F,18.10.21,,
170,M,14.8,F,18.10.21,,
171,M,11.2,F,18.10.21,,
172,M,16.9,F,18.10.21,,
173,M,22.3,F,18.10.21,,
174,M,22.1,F,18.10.21,,
175,M,19.9,F,18.10.21,,
176,M,14.3,F,18.10.21,,
177,M,17.4,F,18.10.21,,
178,M,4.9,F,18.10.21,,
179,M,22.2,F,18.10.21,,
180,M,24,F,18.10.21,,
181,M,18.2,F,18.10.21,,
182,M,16.9,F,18.10.21,,
183,N,38.4,F,18.10.21,,
184,N,NA,T,18.10.21,,
185,N,26.8,F,18.10.21,,
186,N,13.5,F,18.10.21,,
187,N,15.5,F,18.10.21,,
188,N,15.2,F,18.10.21,,
189,N,25.7,F,18.10.21,,
190,N,30.4,F,18.10.21,,
191,N,NA,T,18.10.21,,
192,N,12.7,F,18.10.21,,
193,N,24.8,F,18.10.21,,
194,N,33.9,F,18.10.21,,
195,N,13.5,F,18.10.21,,
196,N,22,F,18.10.21,,
197,O,28,F,18.10.21,,
198,O,28.5,F,18.10.21,,
199,O,20,F,18.10.21,,
200,O,27.7,F,18.10.21,,
201,O,NA,T,18.10.21,,
202,O,NA,T,18.10.21,,
203,O,22.4,F,18.10.21,,
204,O,11.7,F,18.10.21,,
205,O,NA,T,18.10.21,,
206,O,28.3,F,18.10.21,,
207,O,14.7,F,18.10.21,,
208,O,11.1,F,18.10.21,,
209,O,19,F,18.10.21,,
210,O,NA,T,18.10.21,,
211,P,11.1,F,18.10.21,,
212,P,11.1,F,18.10.21,,
213,P,14.6,F,18.10.21,,
214,P,15.6,F,18.10.21,,
215,P,9.2,F,18.10.21,,
216,P,21.8,F,18.10.21,,
217,P,14.7,F,18.10.21,,
218,P,19.8,F,18.10.21,,
219,P,19.8,F,18.10.21,,
220,P,20.8,F,18.10.21,,
221,P,NA,T,18.10.21,,
222,P,NA,T,18.10.21,,
223,P,14.5,F,18.10.21,,
224,P,11.6,F,18.10.21,,
1,A,24.3,F,27.10.21,cca 20 leaves left,
2,A,16.7,F,27.10.21,,
3,A,25.1,F,27.10.21,,
4,A,17.3,F,27.10.21,,
5,A,15,F,27.10.21,,
6,A,15.3,F,27.10.21,,
7,A,19.6,F,27.10.21,,
8,A,20.2,F,27.10.21,,
9,A,29.5,F,27.10.21,,
10,A,13.6,F,27.10.21,,
11,A,28.3,F,27.10.21,,
12,A,9.6,F,27.10.21,,
13,A,18.6,F,27.10.21,,
14,A,23.2,F,27.10.21,,
15,B,NA,T,27.10.21,,
16,B,NA,T,27.10.21,,
17,B,10.7,F,27.10.21,"ca. 20 leaves left, 10 brown",
18,B,11.4,F,27.10.21,,
19,B,8.4,F,27.10.21,,
20,B,22.6,F,27.10.21,,
21,B,17.6,F,27.10.21,,
22,B,NA,T,27.10.21,,
23,B,25,F,27.10.21,,
24,B,17.5,F,27.10.21,cca 15 leaves left,
25,B,18.3,F,27.10.21,,
26,B,13.8,F,27.10.21,"green, yellow, brown leaves mix",
27,B,NA,T,27.10.21,,
28,B,16.2,F,27.10.21,,
29,C,22.5,F,27.10.21,,
30,C,9.5,F,27.10.21,,
31,C,20.3,F,27.10.21,,
32,C,18.7,F,27.10.21,cca 10 leaves,
33,C,6.2,F,27.10.21,,
34,C,20.7,F,27.10.21,,
35,C,23.7,F,27.10.21,,
36,C,NA,T,27.10.21,,
37,C,11.2,F,27.10.21,,
38,C,NA,T,27.10.21,,
39,C,NA,T,27.10.21,,
40,C,34.6,F,27.10.21,,
41,C,NA,T,27.10.21,,
42,C,NA,T,27.10.21,,
43,D,15.3,F,27.10.21,dark dots,
44,D,NA,T,27.10.21,,
45,D,32,F,27.10.21,,
46,D,21.5,F,27.10.21,,
47,D,22.4,F,27.10.21,,
48,D,22,F,27.10.21,,
49,D,8.9,F,27.10.21,,
50,D,28.1,F,27.10.21,,
51,D,16.8,F,27.10.21,,
52,D,15.2,F,27.10.21,,
53,D,NA,T,27.10.21,,
54,D,23,F,27.10.21,,
55,D,22.7,F,27.10.21,,
56,D,27.5,F,27.10.21,,
57,E,28.9,F,27.10.21,,
58,E,25.1,F,27.10.21,,
59,E,19.4,F,27.10.21,,
60,E,26.8,F,27.10.21,,
61,E,29.5,F,27.10.21,,
62,E,NA,T,27.10.21,,
63,E,15.9,F,27.10.21,,
64,E,NA,T,27.10.21,,
65,E,21.8,F,27.10.21,,
66,E,29.7,F,27.10.21,,
67,E,22,F,27.10.21,,
68,E,27.5,F,27.10.21,,
69,E,24,F,27.10.21,,
70,E,26.5,F,27.10.21,,
71,F,12.5,F,27.10.21,cca 20 leaves left,
72,F,18.1,F,27.10.21,,
73,F,15.9,F,27.10.21,,
74,F,30.7,F,27.10.21,,
75,F,27.1,F,27.10.21,,
76,F,29.3,F,27.10.21,,
77,F,30.8,F,27.10.21,,
78,F,13.4,F,27.10.21,,
79,F,17.2,F,27.10.21,,
80,F,19.3,F,27.10.21,,
81,F,18.4,F,27.10.21,,
82,F,23.1,F,27.10.21,,
83,F,19.9,F,27.10.21,,
84,F,15.9,F,27.10.21,20 leaves left cca,
85,G,18.9,F,27.10.21,10 leaves left,
86,G,19.6,F,27.10.21,,
87,G,9.4,F,27.10.21,,
88,G,7.9,F,27.10.21,,
89,G,18,F,27.10.21,,
90,G,28.3,F,27.10.21,,
91,G,19.6,F,27.10.21,,
92,G,27.2,F,27.10.21,,
93,G,27.2,F,27.10.21,,
94,G,17.5,F,27.10.21,,
95,G,20.2,F,27.10.21,,
96,G,19.8,F,27.10.21,,
97,G,21.3,F,27.10.21,lots of brown spotted leaves,
98,G,29.2,F,27.10.21,,
99,H,NA,T,27.10.21,,
100,H,11.9,F,27.10.21,,
101,H,25.5,F,27.10.21,,
102,H,32.9,F,27.10.21,,
103,H,15.1,F,27.10.21,,
104,H,21.2,F,27.10.21,,
105,H,19.9,F,27.10.21,,
106,H,16.2,F,27.10.21,,
107,H,22.5,F,27.10.21,,
108,H,16.3,F,27.10.21,,
109,H,14.2,F,27.10.21,,
110,H,21,F,27.10.21,,
111,H,30.2,F,27.10.21,,
112,H,25.9,F,27.10.21,lots of brown leaves,
113,I,14.7,F,27.10.21,cca 15 leaves left,
114,I,23.2,F,27.10.21,,
115,I,24.2,F,27.10.21,,
116,I,23.9,F,27.10.21,,
117,I,24.7,F,27.10.21,cca 20 leaves left,
118,I,28.7,F,27.10.21,,
119,I,23.9,F,27.10.21,,
120,I,26.9,F,27.10.21,strange bulky leaves on top,
121,I,30.8,F,27.10.21,,
122,I,17.8,F,27.10.21,,
123,I,20,F,27.10.21,,
124,I,24,F,27.10.21,,
125,I,25.7,F,27.10.21,,
126,I,30,F,27.10.21,,
127,J,17.8,F,27.10.21,,
128,J,22.7,F,27.10.21,,
129,J,31,F,27.10.21,,
130,J,15.5,F,27.10.21,,
131,J,20.2,F,27.10.21,,
132,J,21.7,F,27.10.21,,
133,J,23.8,F,27.10.21,,
134,J,19.3,F,27.10.21,,
135,J,13.7,F,27.10.21,,
136,J,19.7,F,27.10.21,,
137,J,14.6,F,27.10.21,,
138,J,10.5,F,27.10.21,,
139,J,24.7,F,27.10.21,,
140,J,6.9,F,27.10.21,,
141,K,16.3,F,27.10.21,,
142,K,25.6,F,27.10.21,,
143,K,19,F,27.10.21,,
144,K,16.9,F,27.10.21,,
145,K,19.3,F,27.10.21,,
146,K,14.2,F,27.10.21,"almost all yellow, big brown spots",
147,K,17.8,F,27.10.21,,
148,K,8.9,F,27.10.21,,
149,K,24.9,F,27.10.21,,
150,K,7.5,F,27.10.21,,
151,K,27.6,F,27.10.21,,
152,K,15.4,F,27.10.21,,
153,K,19.9,F,27.10.21,,
154,K,12.5,F,27.10.21,,
155,L,21.6,F,27.10.21,,
156,L,NA,T,27.10.21,,
157,L,17.8,F,27.10.21,,
158,L,23.2,F,27.10.21,,
159,L,17.3,F,27.10.21,,
160,L,17,F,27.10.21,,
161,L,12.9,F,27.10.21,,
162,L,32.4,F,27.10.21,,
163,L,21.1,F,27.10.21,,
164,L,7.1,F,27.10.21,only cca 10 leaves left,
165,L,16.6,F,27.10.21,,
166,L,25.2,F,27.10.21,darkened leaves,
167,L,18.1,F,27.10.21,,
168,L,31.1,F,27.10.21,,
169,M,12,F,27.10.21,,
170,M,10.5,F,27.10.21,,
171,M,9.7,F,27.10.21,,
172,M,9,F,27.10.21,,
173,M,18.9,F,27.10.21,,
174,M,14.3,F,27.10.21,,
175,M,16.3,F,27.10.21,,
176,M,10.2,F,27.10.21,,
177,M,14.6,F,27.10.21,,
178,M,1.8,F,27.10.21,almost all brown,
179,M,17,F,27.10.21,,
180,M,23.5,F,27.10.21,,
181,M,9.7,F,27.10.21,,
182,M,14.2,F,27.10.21,,
183,N,37.2,F,27.10.21,,
184,N,NA,T,27.10.21,,
185,N,25.6,F,27.10.21,,
186,N,9.5,F,27.10.21,,
187,N,15.8,F,27.10.21,,
188,N,17.1,F,27.10.21,,
189,N,23.1,F,27.10.21,,
190,N,26.8,F,27.10.21,,
191,N,NA,T,27.10.21,,
192,N,5.1,F,27.10.21,,
193,N,22.2,F,27.10.21,,
194,N,26,F,27.10.21,,
195,N,9.7,F,27.10.21,,
196,N,15.8,F,27.10.21,,
197,O,28.3,F,27.10.21,,
198,O,26.2,F,27.10.21,,
199,O,19.7,F,27.10.21,,
200,O,25.3,F,27.10.21,,
201,O,NA,T,27.10.21,,
202,O,NA,T,27.10.21,,
203,O,19.7,F,27.10.21,,
204,O,7.9,F,27.10.21,,
205,O,NA,T,27.10.21,,
206,O,22.6,F,27.10.21,,
207,O,9.2,F,27.10.21,some brown leaves,
208,O,10.4,F,27.10.21,,
209,O,12.1,F,27.10.21,,
210,O,NA,T,27.10.21,,
211,P,7.9,F,27.10.21,,
212,P,9.5,F,27.10.21,,
213,P,10.8,F,27.10.21,,
214,P,10.2,F,27.10.21,,
215,P,8.2,F,27.10.21,,
216,P,22.6,F,27.10.21,,
217,P,13.5,F,27.10.21,brown spotts,
218,P,12.7,F,27.10.21,,
219,P,20,F,27.10.21,,
220,P,19.2,F,27.10.21,,
221,P,NA,T,27.10.21,,
222,P,NA,T,27.10.21,,
223,P,11.4,F,27.10.21,,
224,P,0,F,27.10.21,8 brown leaves left -> Senescence done,
1,A,16.6,F,04.11.21,cca 20 leaves left,
2,A,3.8,F,04.11.21,,
3,A,22.1,F,04.11.21,,
4,A,14.2,F,04.11.21,,
5,A,9.4,F,04.11.21,,
6,A,6.8,F,04.11.21,,
7,A,9.5,F,04.11.21,,
8,A,14.4,F,04.11.21,,
9,A,24.5,F,04.11.21,,
10,A,13,F,04.11.21,,
11,A,17.5,F,04.11.21,,
12,A,3.9,F,04.11.21,,
13,A,15.3,F,04.11.21,,
14,A,16.8,F,04.11.21,,
15,B,NA,T,04.11.21,,
16,B,NA,T,04.11.21,,
17,B,0,F,04.11.21,"ca. 20 leaves left, 10 brown",
18,B,3.6,F,04.11.21,ca 10 leaves left,
19,B,5.1,F,04.11.21,,
20,B,21.9,F,04.11.21,,
21,B,9.9,F,04.11.21,,
22,B,NA,T,04.11.21,,
23,B,19.9,F,04.11.21,,
24,B,7.1,F,04.11.21,cca 10 leaves left,
25,B,13.3,F,04.11.21,,
26,B,11.6,F,04.11.21,"green, yellow, brown leaves mix",
27,B,NA,T,04.11.21,,
28,B,17.7,F,04.11.21,,
29,C,20.2,F,04.11.21,,
30,C,2.1,F,04.11.21,,
31,C,15,F,04.11.21,,
32,C,10.2,F,04.11.21,cca 10 leaves,
33,C,3.2,F,04.11.21,,
34,C,17.5,F,04.11.21,,
35,C,16.9,F,04.11.21,,
36,C,NA,T,04.11.21,,
37,C,7.7,F,04.11.21,,
38,C,NA,T,04.11.21,,
39,C,NA,T,04.11.21,,
40,C,28.9,F,04.11.21,,
41,C,NA,T,04.11.21,,
42,C,NA,T,04.11.21,,
43,D,7.9,F,04.11.21,dark dots,
44,D,NA,T,04.11.21,,
45,D,27.3,F,04.11.21,,
46,D,13.6,F,04.11.21,,
47,D,14.4,F,04.11.21,,
48,D,21.7,F,04.11.21,,
49,D,4.2,F,04.11.21,,
50,D,22.5,F,04.11.21,,
51,D,13.1,F,04.11.21,,
52,D,8,F,04.11.21,,
53,D,NA,T,04.11.21,,
54,D,14.3,F,04.11.21,,
55,D,19.4,F,04.11.21,,
56,D,17.2,F,04.11.21,,
57,E,19,F,04.11.21,,
58,E,21.8,F,04.11.21,,
59,E,16.1,F,04.11.21,,
60,E,15.7,F,04.11.21,,
61,E,24.6,F,04.11.21,darkening of leaves,
62,E,NA,T,04.11.21,,
63,E,9.5,F,04.11.21,,
64,E,NA,T,04.11.21,,
65,E,NA,F,04.11.21,,
66,E,24.7,F,04.11.21,,
67,E,23.1,F,04.11.21,,
68,E,27.8,F,04.11.21,,
69,E,23.1,F,04.11.21,,
70,E,23.9,F,04.11.21,,
71,F,6.6,F,04.11.21,cca 20 leaves left,
72,F,7.5,F,04.11.21,,
73,F,5.9,F,04.11.21,,
74,F,26.1,F,04.11.21,,
75,F,19.3,F,04.11.21,,
76,F,23.8,F,04.11.21,,
77,F,19.5,F,04.11.21,,
78,F,6.8,F,04.11.21,,
79,F,12.7,F,04.11.21,,
80,F,13.6,F,04.11.21,,
81,F,15.6,F,04.11.21,,
82,F,25,F,04.11.21,,
83,F,9.6,F,04.11.21,,
84,F,15.5,F,04.11.21,20 leaves left cca,
85,G,10.5,F,04.11.21,10 leaves left,
86,G,17.8,F,04.11.21,,
87,G,0,F,04.11.21,,
88,G,4.2,F,04.11.21,,
89,G,17,F,04.11.21,,
90,G,18.7,F,04.11.21,,
91,G,16.1,F,04.11.21,,
92,G,22.3,F,04.11.21,,
93,G,22,F,04.11.21,,
94,G,10.5,F,04.11.21,,
95,G,10.2,F,04.11.21,,
96,G,10,F,04.11.21,,
97,G,15.2,F,04.11.21,lots of brown spotted leaves,
98,G,21.4,F,04.11.21,,
99,H,NA,T,04.11.21,,
100,H,9.5,F,04.11.21,,
101,H,18.5,F,04.11.21,,
102,H,29,F,04.11.21,,
103,H,9.2,F,04.11.21,,
104,H,13.2,F,04.11.21,,
105,H,14.2,F,04.11.21,,
106,H,12.2,F,04.11.21,,
107,H,18.3,F,04.11.21,,
108,H,11.2,F,04.11.21,,
109,H,7,F,04.11.21,,
110,H,16.3,F,04.11.21,,
111,H,20.3,F,04.11.21,,
112,H,15.2,F,04.11.21,lots of brown leaves,
113,I,10.7,F,04.11.21,cca 15 leaves left,
114,I,24.8,F,04.11.21,,
115,I,23.9,F,04.11.21,,
116,I,20,F,04.11.21,,
117,I,23.3,F,04.11.21,cca 20 leaves left,
118,I,21,F,04.11.21,,
119,I,22.9,F,04.11.21,,
120,I,23.6,F,04.11.21,"strange bulky leaves on top, still green",
121,I,31.6,F,04.11.21,,
122,I,15.4,F,04.11.21,,
123,I,16.7,F,04.11.21,,
124,I,22.9,F,04.11.21,,
125,I,21,F,04.11.21,,
126,I,27.2,F,04.11.21,,
127,J,8.5,F,04.11.21,,
128,J,21.2,F,04.11.21,,
129,J,26.6,F,04.11.21,,
130,J,14.1,F,04.11.21,,
131,J,16.3,F,04.11.21,,
132,J,16.2,F,04.11.21,,
133,J,22.9,F,04.11.21,,
134,J,10.6,F,04.11.21,,
135,J,9.5,F,04.11.21,,
136,J,9.7,F,04.11.21,,
137,J,10.4,F,04.11.21,,
138,J,5.9,F,04.11.21,,
139,J,27.3,F,04.11.21,,
140,J,4.1,F,04.11.21,10 leaves left,
141,K,10.6,F,04.11.21,,
142,K,20.4,F,04.11.21,,
143,K,12.2,F,04.11.21,ca 20 leaves left,
144,K,11.6,F,04.11.21,,
145,K,14.8,F,04.11.21,,
146,K,10,F,04.11.21,"almost all brown, big brown spots",
147,K,6.4,F,04.11.21,,
148,K,3.8,F,04.11.21,,
149,K,16.4,F,04.11.21,,
150,K,5.5,F,04.11.21,,
151,K,22.1,F,04.11.21,,
152,K,9.8,F,04.11.21,,
153,K,16.1,F,04.11.21,,
154,K,9,F,04.11.21,,
155,L,15.4,F,04.11.21,,
156,L,NA,T,04.11.21,,
157,L,15,F,04.11.21,,
158,L,18.2,F,04.11.21,,
159,L,14,F,04.11.21,,
160,L,13.7,F,04.11.21,,
161,L,7.3,F,04.11.21,,
162,L,26.2,F,04.11.21,,
163,L,17.6,F,04.11.21,,
164,L,4.8,F,04.11.21,only cca 10 leaves left,
165,L,15.2,F,04.11.21,,
166,L,23.3,F,04.11.21,darkened leaves,
167,L,17.3,F,04.11.21,,
168,L,24.8,F,04.11.21,,
169,M,3.9,F,04.11.21,,
170,M,5.2,F,04.11.21,,
171,M,8.7,F,04.11.21,,
172,M,4.1,F,04.11.21,,
173,M,9,F,04.11.21,,
174,M,9.7,F,04.11.21,,
175,M,12.9,F,04.11.21,,
176,M,4.6,F,04.11.21,,
177,M,7.2,F,04.11.21,,
178,M,0,F,04.11.21,almost all brown,
179,M,11.8,F,04.11.21,,
180,M,19.3,F,04.11.21,,
181,M,5.3,F,04.11.21,,
182,M,13,F,04.11.21,,
183,N,31.8,F,04.11.21,,
184,N,NA,T,04.11.21,,
185,N,15.7,F,04.11.21,,
186,N,6.5,F,04.11.21,,
187,N,12.5,F,04.11.21,,
188,N,8.9,F,04.11.21,,
189,N,13,F,04.11.21,,
190,N,26,F,04.11.21,,
191,N,NA,T,04.11.21,,
192,N,5,F,04.11.21,cca 20 leaves left,
193,N,17.4,F,04.11.21,,
194,N,18.3,F,04.11.21,,
195,N,5.7,F,04.11.21,,
196,N,19.1,F,04.11.21,,
197,O,19.7,F,04.11.21,,
198,O,22.5,F,04.11.21,,
199,O,13.8,F,04.11.21,,
200,O,16.1,F,04.11.21,,
201,O,NA,T,04.11.21,,
202,O,NA,T,04.11.21,,
203,O,13.6,F,04.11.21,,
204,O,7.4,F,04.11.21,,
205,O,NA,T,04.11.21,,
206,O,19.4,F,04.11.21,,
207,O,4.3,F,04.11.21,some brown leaves,
208,O,6.5,F,04.11.21,,
209,O,13.7,F,04.11.21,,
210,O,NA,T,04.11.21,,
211,P,4.1,F,04.11.21,,
212,P,4,F,04.11.21,,
213,P,7.2,F,04.11.21,,
214,P,9,F,04.11.21,,
215,P,7.7,F,04.11.21,,
216,P,17,F,04.11.21,,
217,P,9.4,F,04.11.21,brown spotts,
218,P,5.3,F,04.11.21,,
219,P,11.7,F,04.11.21,,
220,P,11.9,F,04.11.21,,
221,P,NA,T,04.11.21,,
222,P,NA,T,04.11.21,,
223,P,4.1,F,04.11.21,,
224,P,0,F,04.11.21,8 brown leaves left -> Senescence done,
1,A,7.9,F,11.11.21,cca 20 leaves left,
2,A,0,F,11.11.21,,
3,A,9,F,11.11.21,,
4,A,7,F,11.11.21,,
5,A,2.4,F,11.11.21,,
6,A,4.7,F,11.11.21,,
7,A,3.4,F,11.11.21,,
8,A,8.7,F,11.11.21,,
9,A,17.1,F,11.11.21,,
10,A,2.3,F,11.11.21,,
11,A,11.6,F,11.11.21,,
12,A,3.7,F,11.11.21,,
13,A,12.4,F,11.11.21,,
14,A,10.9,F,11.11.21,,
15,B,NA,T,11.11.21,,
16,B,NA,T,11.11.21,,
17,B,0,F,11.11.21,"ca. 20 leaves left, 10 brown",
18,B,0,F,11.11.21,ca 10 leaves left,
19,B,0,F,11.11.21,,
20,B,15.6,F,11.11.21,,
21,B,0,F,11.11.21,,
22,B,NA,T,11.11.21,,
23,B,8.5,F,11.11.21,,
24,B,0,F,11.11.21,cca 10 leaves left,
25,B,11.3,F,11.11.21,,
26,B,6.1,F,11.11.21,"green, yellow, brown leaves mix",
27,B,NA,T,11.11.21,,
28,B,3.8,F,11.11.21,,
29,C,8.3,F,11.11.21,,
30,C,1.7,F,11.11.21,,
31,C,11.6,F,11.11.21,,
32,C,5,F,11.11.21,cca 10 leaves,
33,C,2,F,11.11.21,,
34,C,8.9,F,11.11.21,,
35,C,14.7,F,11.11.21,,
36,C,NA,T,11.11.21,,
37,C,1.2,F,11.11.21,,
38,C,NA,T,11.11.21,,
39,C,NA,T,11.11.21,,
40,C,18,F,11.11.21,,
41,C,NA,T,11.11.21,,
42,C,NA,T,11.11.21,,
43,D,4.6,F,11.11.21,dark dots,
44,D,NA,T,11.11.21,,
45,D,18.7,F,11.11.21,,
46,D,5.5,F,11.11.21,,
47,D,13,F,11.11.21,,
48,D,15.3,F,11.11.21,,
49,D,0.8,F,11.11.21,,
50,D,11.6,F,11.11.21,,
51,D,12.2,F,11.11.21,,
52,D,6.3,F,11.11.21,,
53,D,NA,T,11.11.21,,
54,D,12.2,F,11.11.21,,
55,D,13.9,F,11.11.21,,
56,D,13.6,F,11.11.21,,
57,E,8.8,F,11.11.21,,
58,E,18.6,F,11.11.21,,
59,E,7.9,F,11.11.21,,
60,E,7.2,F,11.11.21,,
61,E,19,F,11.11.21,darkening of leaves,
62,E,NA,T,11.11.21,,
63,E,4.5,F,11.11.21,,
64,E,NA,T,11.11.21,,
65,E,6.9,F,11.11.21,,
66,E,16.6,F,11.11.21,,
67,E,5.9,F,11.11.21,,
68,E,16.2,F,11.11.21,,
69,E,14.4,F,11.11.21,,
70,E,21.3,F,11.11.21,,
71,F,1.9,F,11.11.21,cca 20 leaves left,
72,F,5.1,F,11.11.21,,
73,F,1.9,F,11.11.21,,
74,F,26.1,F,11.11.21,,
75,F,21.4,F,11.11.21,,
76,F,19.6,F,11.11.21,,
77,F,19.1,F,11.11.21,,
78,F,4.1,F,11.11.21,,
79,F,6,F,11.11.21,,
80,F,7.7,F,11.11.21,,
81,F,10.9,F,11.11.21,,
82,F,14.7,F,11.11.21,,
83,F,7.8,F,11.11.21,,
84,F,8.1,F,11.11.21,20 leaves left cca,
85,G,0,F,11.11.21,10 leaves left,
86,G,16.4,F,11.11.21,,
87,G,0,F,11.11.21,,
88,G,0,F,11.11.21,,
89,G,7.5,F,11.11.21,,
90,G,8.3,F,11.11.21,,
91,G,11.7,F,11.11.21,,
92,G,18.3,F,11.11.21,,
93,G,16.2,F,11.11.21,,
94,G,5.2,F,11.11.21,,
95,G,0,F,11.11.21,,
96,G,3.4,F,11.11.21,,
97,G,0,F,11.11.21,lots of brown spotted leaves,
98,G,17.8,F,11.11.21,,
99,H,NA,T,11.11.21,,
100,H,5.8,F,11.11.21,,
101,H,8.1,F,11.11.21,,
102,H,30,F,11.11.21,,
103,H,3,F,11.11.21,,
104,H,11,F,11.11.21,,
105,H,12.5,F,11.11.21,,
106,H,7.4,F,11.11.21,,
107,H,10.6,F,11.11.21,,
108,H,12.9,F,11.11.21,,
109,H,0,F,11.11.21,,
110,H,12.1,F,11.11.21,,
111,H,17.6,F,11.11.21,,
112,H,9.5,F,11.11.21,lots of brown leaves,
113,I,0,F,11.11.21,cca 15 leaves left,
114,I,17.5,F,11.11.21,,
115,I,15.2,F,11.11.21,,
116,I,21.9,F,11.11.21,,
117,I,15.7,F,11.11.21,cca 20 leaves left,
118,I,19.8,F,11.11.21,,
119,I,15.6,F,11.11.21,,
120,I,17,F,11.11.21,"strange bulky leaves on top, still green",
121,I,31.1,F,11.11.21,,
122,I,10.4,F,11.11.21,,
123,I,9.7,F,11.11.21,,
124,I,16.9,F,11.11.21,,
125,I,8.4,F,11.11.21,,
126,I,25.5,F,11.11.21,,
127,J,8.7,F,11.11.21,,
128,J,14.7,F,11.11.21,,
129,J,24.6,F,11.11.21,,
130,J,5.4,F,11.11.21,,
131,J,8.2,F,11.11.21,,
132,J,15.9,F,11.11.21,,
133,J,11.8,F,11.11.21,,
134,J,4.6,F,11.11.21,,
135,J,9,F,11.11.21,,
136,J,2.7,F,11.11.21,,
137,J,3.9,F,11.11.21,,
138,J,3.2,F,11.11.21,,
139,J,19.1,F,11.11.21,,
140,J,0,F,11.11.21,10 leaves left,
141,K,4,F,11.11.21,,
142,K,16.2,F,11.11.21,,
143,K,8.5,F,11.11.21,ca 20 leaves left,
144,K,7.4,F,11.11.21,,
145,K,9.5,F,11.11.21,,
146,K,0,F,11.11.21,"almost all brown, big brown spots",
147,K,3.6,F,11.11.21,,
148,K,2.4,F,11.11.21,,
149,K,8.2,F,11.11.21,,
150,K,1.6,F,11.11.21,,
151,K,18.7,F,11.11.21,,
152,K,0.6,F,11.11.21,,
153,K,6.1,F,11.11.21,,
154,K,5.3,F,11.11.21,,
155,L,5.9,F,11.11.21,,
156,L,NA,T,11.11.21,,
157,L,10.2,F,11.11.21,,
158,L,18.1,F,11.11.21,,
159,L,7.8,F,11.11.21,,
160,L,8.6,F,11.11.21,,
161,L,2,F,11.11.21,,
162,L,24.1,F,11.11.21,,
163,L,6.5,F,11.11.21,,
164,L,0,F,11.11.21,only cca 10 leaves left,
165,L,9.2,F,11.11.21,,
166,L,17.5,F,11.11.21,darkened leaves,
167,L,6.6,F,11.11.21,,
168,L,25,F,11.11.21,,
169,M,1.6,F,11.11.21,,
170,M,4,F,11.11.21,,
171,M,0.5,F,11.11.21,,
172,M,0,F,11.11.21,,
173,M,10.8,F,11.11.21,,
174,M,7.3,F,11.11.21,,
175,M,4.9,F,11.11.21,,
176,M,2.2,F,11.11.21,,
177,M,3.5,F,11.11.21,,
178,M,0,F,11.11.21,almost all brown,
179,M,4.2,F,11.11.21,,
180,M,18.9,F,11.11.21,,
181,M,3.8,F,11.11.21,,
182,M,6.5,F,11.11.21,,
183,N,32.2,F,11.11.21,,
184,N,NA,T,11.11.21,,
185,N,17.5,F,11.11.21,,
186,N,2.6,F,11.11.21,,
187,N,6.4,F,11.11.21,,
188,N,2.6,F,11.11.21,,
189,N,16.5,F,11.11.21,,
190,N,21.2,F,11.11.21,,
191,N,NA,T,11.11.21,,
192,N,0,F,11.11.21,cca 20 leaves left,
193,N,8.7,F,11.11.21,,
194,N,11.2,F,11.11.21,,
195,N,0.5,F,11.11.21,,
196,N,8.1,F,11.11.21,,
197,O,17.1,F,11.11.21,,
198,O,24.9,F,11.11.21,,
199,O,8.6,F,11.11.21,,
200,O,12.7,F,11.11.21,,
201,O,NA,T,11.11.21,,
202,O,NA,T,11.11.21,,
203,O,12.3,F,11.11.21,,
204,O,1.3,F,11.11.21,,
205,O,NA,T,11.11.21,,
206,O,14.8,F,11.11.21,,
207,O,1.6,F,11.11.21,some brown leaves,
208,O,3.4,F,11.11.21,,
209,O,6.9,F,11.11.21,,
210,O,NA,T,11.11.21,,
211,P,3.4,F,11.11.21,,
212,P,2.4,F,11.11.21,,
213,P,1.8,F,11.11.21,,
214,P,5.9,F,11.11.21,,
215,P,3.9,F,11.11.21,,
216,P,17,F,11.11.21,,
217,P,3.9,F,11.11.21,brown spotts,
218,P,3.4,F,11.11.21,,
219,P,6.3,F,11.11.21,,
220,P,10.5,F,11.11.21,,
221,P,NA,T,11.11.21,,
222,P,NA,T,11.11.21,,
223,P,2,F,11.11.21,,
224,P,0,F,11.11.21,8 brown leaves left -> Senescence done,
1,A,0,F,18.11.21,,
2,A,0,F,18.11.21,,
3,A,3.2,F,18.11.21,,
4,A,1,F,18.11.21,,
5,A,1.4,F,18.11.21,,
6,A,0,F,18.11.21,,
7,A,0,F,18.11.21,,
8,A,1.6,F,18.11.21,,
9,A,5.1,F,18.11.21,,
10,A,0,F,18.11.21,,
11,A,1.8,F,18.11.21,,
12,A,0,F,18.11.21,,
13,A,5.9,F,18.11.21,,
14,A,2.9,F,18.11.21,,
15,B,NA,T,18.11.21,,
16,B,NA,T,18.11.21,,
17,B,0,F,18.11.21,,
18,B,0,F,18.11.21,,
19,B,0,F,18.11.21,,
20,B,2.8,F,18.11.21,,
21,B,0,F,18.11.21,,
22,B,NA,T,18.11.21,,
23,B,0,F,18.11.21,,
24,B,0,F,18.11.21,,
25,B,1.5,F,18.11.21,,
26,B,0,F,18.11.21,,
27,B,NA,T,18.11.21,,
28,B,0.9,F,18.11.21,,
29,C,2,F,18.11.21,,
30,C,0,F,18.11.21,,
31,C,1.2,F,18.11.21,,
32,C,0,F,18.11.21,,
33,C,0,F,18.11.21,,
34,C,1.8,F,18.11.21,,
35,C,0,F,18.11.21,,
36,C,NA,T,18.11.21,,
37,C,0,F,18.11.21,,
38,C,NA,T,18.11.21,,
39,C,NA,T,18.11.21,,
40,C,0,F,18.11.21,,
41,C,NA,T,18.11.21,,
42,C,NA,T,18.11.21,,
43,D,1.5,F,18.11.21,,
44,D,NA,T,18.11.21,,
45,D,4.4,F,18.11.21,,
46,D,0,F,18.11.21,,
47,D,1.7,F,18.11.21,,
48,D,3.4,F,18.11.21,,
49,D,0,F,18.11.21,,
50,D,0,F,18.11.21,,
51,D,1,F,18.11.21,,
52,D,1.4,F,18.11.21,,
53,D,NA,T,18.11.21,,
54,D,2.3,F,18.11.21,,
55,D,3.3,F,18.11.21,,
56,D,0,F,18.11.21,,
57,E,0,F,18.11.21,,
58,E,1.5,F,18.11.21,,
59,E,0.4,F,18.11.21,,
60,E,1.8,F,18.11.21,,
61,E,7,F,18.11.21,many many black dots (compromised?),
62,E,NA,T,18.11.21,,
63,E,0,F,18.11.21,,
64,E,NA,T,18.11.21,,
65,E,0,F,18.11.21,,
66,E,4.8,F,18.11.21,,
67,E,0,F,18.11.21,,
68,E,0,F,18.11.21,,
69,E,6.7,F,18.11.21,,
70,E,7.9,F,18.11.21,,
71,F,0,F,18.11.21,,
72,F,1.2,F,18.11.21,,
73,F,0,F,18.11.21,,
74,F,6,F,18.11.21,,
75,F,6.1,F,18.11.21,,
76,F,19,F,18.11.21,,
77,F,7.5,F,18.11.21,,
78,F,0,F,18.11.21,,
79,F,0,F,18.11.21,,
80,F,1.7,F,18.11.21,,
81,F,2.2,F,18.11.21,,
82,F,8.5,F,18.11.21,,
83,F,0,F,18.11.21,,
84,F,0,F,18.11.21,,
85,G,0,F,18.11.21,,
86,G,4.4,F,18.11.21,,
87,G,0,F,18.11.21,brown lvs,
88,G,0,F,18.11.21,,
89,G,0.9,F,18.11.21,,
90,G,0,F,18.11.21,,
91,G,0,F,18.11.21,,
92,G,2.3,F,18.11.21,,
93,G,2.6,F,18.11.21,,
94,G,0,F,18.11.21,,
95,G,0,F,18.11.21,,
96,G,0.9,F,18.11.21,,
97,G,0,F,18.11.21,,
98,G,4.5,F,18.11.21,,
99,H,NA,T,18.11.21,,
100,H,0,F,18.11.21,,
101,H,1.5,F,18.11.21,,
102,H,8.4,F,18.11.21,buly leavs,
103,H,1.3,F,18.11.21,,
104,H,5.4,F,18.11.21,,
105,H,1.6,F,18.11.21,,
106,H,0,F,18.11.21,,
107,H,1.8,F,18.11.21,,
108,H,0.9,F,18.11.21,,
109,H,0,F,18.11.21,,
110,H,9.2,F,18.11.21,,
111,H,7.5,F,18.11.21,,
112,H,3.7,F,18.11.21,,
113,I,0,F,18.11.21,,
114,I,0.9,F,18.11.21,,
115,I,10.3,F,18.11.21,,
116,I,17.4,F,18.11.21,,
117,I,3.6,F,18.11.21,,
118,I,2.4,F,18.11.21,,
119,I,7.2,F,18.11.21,,
120,I,3.7,F,18.11.21,big bulky top leaves,
121,I,21.4,F,18.11.21,,
122,I,0,F,18.11.21,,
123,I,5.9,F,18.11.21,,
124,I,3.1,F,18.11.21,,
125,I,2.2,F,18.11.21,,
126,I,8.1,F,18.11.21,,
127,J,2.1,F,18.11.21,,
128,J,1.3,F,18.11.21,,
129,J,4.7,F,18.11.21,,
130,J,0,F,18.11.21,,
131,J,1.8,F,18.11.21,,
132,J,8,F,18.11.21,,
133,J,4,F,18.11.21,,
134,J,0,F,18.11.21,,
135,J,1.5,F,18.11.21,,
136,J,0,F,18.11.21,,
137,J,1.3,F,18.11.21,,
138,J,1.5,F,18.11.21,,
139,J,16.9,F,18.11.21,,
140,J,0,F,18.11.21,,
141,K,0.8,F,18.11.21,,
142,K,7.8,F,18.11.21,,
143,K,0,F,18.11.21,,
144,K,0.8,F,18.11.21,,
145,K,1.9,F,18.11.21,,
146,K,0,F,18.11.21,,
147,K,0,F,18.11.21,,
148,K,0,F,18.11.21,,
149,K,3.6,F,18.11.21,,
150,K,0,F,18.11.21,,
151,K,5.7,F,18.11.21,,
152,K,0,F,18.11.21,,
153,K,3.5,F,18.11.21,,
154,K,3.2,F,18.11.21,,
155,L,0.4,F,18.11.21,,
156,L,NA,T,18.11.21,,
157,L,2.9,F,18.11.21,,
158,L,3.2,F,18.11.21,,
159,L,1.6,F,18.11.21,,
160,L,1.6,F,18.11.21,,
161,L,0,F,18.11.21,,
162,L,4.6,F,18.11.21,,
163,L,1.3,F,18.11.21,,
164,L,0,F,18.11.21,,
165,L,2.6,F,18.11.21,,
166,L,8.2,F,18.11.21,,
167,L,2,F,18.11.21,,
168,L,4.1,F,18.11.21,,
169,M,0,F,18.11.21,,
170,M,0,F,18.11.21,,
171,M,0,F,18.11.21,,
172,M,0,F,18.11.21,,
173,M,0,F,18.11.21,,
174,M,2.7,F,18.11.21,,
175,M,0,F,18.11.21,,
176,M,0,F,18.11.21,,
177,M,0,F,18.11.21,,
178,M,0,F,18.11.21,,
179,M,0,F,18.11.21,,
180,M,6.3,F,18.11.21,low bulky green leaves,
181,M,0,F,18.11.21,,
182,M,1.4,F,18.11.21,,
183,N,8.3,F,18.11.21,,
184,N,NA,T,18.11.21,,
185,N,1.8,F,18.11.21,,
186,N,0,F,18.11.21,,
187,N,1.6,F,18.11.21,,
188,N,2.1,F,18.11.21,,
189,N,1.4,F,18.11.21,,
190,N,14.6,F,18.11.21,,
191,N,NA,T,18.11.21,,
192,N,0,F,18.11.21,,
193,N,1.3,F,18.11.21,,
194,N,0,F,18.11.21,,
195,N,0,F,18.11.21,,
196,N,0,F,18.11.21,,
197,O,4,F,18.11.21,,
198,O,16.5,F,18.11.21,,
199,O,1.2,F,18.11.21,,
200,O,1.6,F,18.11.21,,
201,O,NA,T,18.11.21,,
202,O,NA,T,18.11.21,,
203,O,2.3,F,18.11.21,,
204,O,0,F,18.11.21,,
205,O,NA,T,18.11.21,,
206,O,0,F,18.11.21,,
207,O,0,F,18.11.21,,
208,O,0,F,18.11.21,,
209,O,1.2,F,18.11.21,,
210,O,NA,T,18.11.21,,
211,P,0,F,18.11.21,,
212,P,0,F,18.11.21,,
213,P,0,F,18.11.21,,
214,P,2.8,F,18.11.21,,
215,P,0,F,18.11.21,,
216,P,3.2,F,18.11.21,,
217,P,0,F,18.11.21,,
218,P,0,F,18.11.21,,
219,P,2.7,F,18.11.21,,
220,P,0.9,F,18.11.21,,
221,P,NA,T,18.11.21,,
222,P,NA,T,18.11.21,,
223,P,0,F,18.11.21,,
224,P,0,F,18.11.21,0 lfs,
1,A,0,F,24.11.21,,
2,A,0,F,24.11.21,,
3,A,0,F,24.11.21,,
4,A,0,F,24.11.21,,
5,A,0,F,24.11.21,,
6,A,0,F,24.11.21,,
7,A,0,F,24.11.21,,
8,A,0,F,24.11.21,,
9,A,0,F,24.11.21,,
10,A,0,F,24.11.21,,
11,A,0,F,24.11.21,,
12,A,0,F,24.11.21,,
13,A,0.3,F,24.11.21,,
14,A,0,F,24.11.21,,
15,B,NA,T,24.11.21,,
16,B,NA,T,24.11.21,,
17,B,0,F,24.11.21,,
18,B,0,F,24.11.21,,
19,B,0,F,24.11.21,,
20,B,0,F,24.11.21,,
21,B,0,F,24.11.21,,
22,B,NA,T,24.11.21,,
23,B,0,F,24.11.21,,
24,B,0,F,24.11.21,,
25,B,0,F,24.11.21,,
26,B,0,F,24.11.21,,
27,B,NA,T,24.11.21,,
28,B,0,F,24.11.21,,
29,C,0,F,24.11.21,,
30,C,0,F,24.11.21,,
31,C,0,F,24.11.21,,
32,C,0,F,24.11.21,,
33,C,0,F,24.11.21,,
34,C,0,F,24.11.21,,
35,C,0,F,24.11.21,,
36,C,NA,T,24.11.21,,
37,C,0,F,24.11.21,,
38,C,NA,T,24.11.21,,
39,C,NA,T,24.11.21,,
40,C,0,F,24.11.21,,
41,C,NA,T,24.11.21,,
42,C,NA,T,24.11.21,,
43,D,0,F,24.11.21,,
44,D,NA,T,24.11.21,,
45,D,0,F,24.11.21,,
46,D,0,F,24.11.21,,
47,D,0,F,24.11.21,,
48,D,0,F,24.11.21,,
49,D,0,F,24.11.21,,
50,D,0,F,24.11.21,,
51,D,0,F,24.11.21,,
52,D,0,F,24.11.21,,
53,D,NA,T,24.11.21,,
54,D,0.8,F,24.11.21,,
55,D,0,F,24.11.21,,
56,D,0,F,24.11.21,,
57,E,0,F,24.11.21,,
58,E,0,F,24.11.21,,
59,E,0,F,24.11.21,,
60,E,0,F,24.11.21,,
61,E,0,F,24.11.21,many many black dots (compromised?),
62,E,NA,T,24.11.21,,
63,E,0,F,24.11.21,,
64,E,NA,T,24.11.21,,
65,E,0,F,24.11.21,,
66,E,0,F,24.11.21,,
67,E,0,F,24.11.21,,
68,E,0,F,24.11.21,,
69,E,2.6,F,24.11.21,,
70,E,2.5,F,24.11.21,,
71,F,0,F,24.11.21,,
72,F,0,F,24.11.21,,
73,F,0,F,24.11.21,,
74,F,3,F,24.11.21,,
75,F,1,F,24.11.21,,
76,F,7.8,F,24.11.21,black dots,
77,F,3.7,F,24.11.21,,
78,F,0,F,24.11.21,,
79,F,0,F,24.11.21,,
80,F,0,F,24.11.21,,
81,F,0,F,24.11.21,,
82,F,3.1,F,24.11.21,,
83,F,0,F,24.11.21,,
84,F,0,F,24.11.21,,
85,G,0,F,24.11.21,,
86,G,0.8,F,24.11.21,,
87,G,0,F,24.11.21,brown lvs,
88,G,0,F,24.11.21,,
89,G,0,F,24.11.21,,
90,G,0,F,24.11.21,,
91,G,0,F,24.11.21,,
92,G,1.1,F,24.11.21,,
93,G,0,F,24.11.21,,
94,G,0,F,24.11.21,,
95,G,0,F,24.11.21,,
96,G,0,F,24.11.21,,
97,G,0,F,24.11.21,,
98,G,0,F,24.11.21,,
99,H,NA,T,24.11.21,,
100,H,0,F,24.11.21,,
101,H,0,F,24.11.21,,
102,H,0,F,24.11.21,buly leavs,
103,H,0,F,24.11.21,,
104,H,0.8,F,24.11.21,,
105,H,0,F,24.11.21,,
106,H,0,F,24.11.21,,
107,H,0,F,24.11.21,,
108,H,0,F,24.11.21,,
109,H,0,F,24.11.21,,
110,H,3.5,F,24.11.21,,
111,H,0,F,24.11.21,,
112,H,0,F,24.11.21,,
113,I,0,F,24.11.21,,
114,I,0,F,24.11.21,,
115,I,1.4,F,24.11.21,,
116,I,3.9,F,24.11.21,,
117,I,1.6,F,24.11.21,,
118,I,0,F,24.11.21,,
119,I,3.8,F,24.11.21,,
120,I,0,F,24.11.21,big bulky top leaves,
121,I,9.1,F,24.11.21,,
122,I,0,F,24.11.21,,
123,I,0,F,24.11.21,,
124,I,0,F,24.11.21,,
125,I,0,F,24.11.21,,
126,I,1.3,F,24.11.21,,
127,J,0,F,24.11.21,,
128,J,0,F,24.11.21,,
129,J,0,F,24.11.21,,
130,J,0,F,24.11.21,,
131,J,0,F,24.11.21,,
132,J,6.1,F,24.11.21,,
133,J,0,F,24.11.21,,
134,J,0,F,24.11.21,,
135,J,0,F,24.11.21,,
136,J,0,F,24.11.21,,
137,J,0,F,24.11.21,,
138,J,0,F,24.11.21,,
139,J,5.5,F,24.11.21,,
140,J,0,F,24.11.21,,
141,K,0,F,24.11.21,,
142,K,1.9,F,24.11.21,,
143,K,0,F,24.11.21,,
144,K,0,F,24.11.21,,
145,K,0,F,24.11.21,,
146,K,0,F,24.11.21,,
147,K,0,F,24.11.21,,
148,K,0,F,24.11.21,,
149,K,3,F,24.11.21,,
150,K,0,F,24.11.21,,
151,K,0,F,24.11.21,,
152,K,0,F,24.11.21,,
153,K,0,F,24.11.21,,
154,K,0,F,24.11.21,,
155,L,0,F,24.11.21,,
156,L,NA,T,24.11.21,,
157,L,1.2,F,24.11.21,,
158,L,0,F,24.11.21,,
159,L,0,F,24.11.21,,
160,L,0,F,24.11.21,,
161,L,0,F,24.11.21,,
162,L,0,F,24.11.21,,
163,L,0,F,24.11.21,,
164,L,0,F,24.11.21,,
165,L,0.3,F,24.11.21,,
166,L,2.1,F,24.11.21,,
167,L,0,F,24.11.21,,
168,L,3.7,F,24.11.21,,
169,M,0,F,24.11.21,,
170,M,0,F,24.11.21,,
171,M,0,F,24.11.21,,
172,M,0,F,24.11.21,,
173,M,0,F,24.11.21,,
174,M,0,F,24.11.21,,
175,M,0,F,24.11.21,,
176,M,0,F,24.11.21,,
177,M,0,F,24.11.21,,
178,M,0,F,24.11.21,,
179,M,0,F,24.11.21,,
180,M,5.8,F,24.11.21,low bulky green leaves,
181,M,0,F,24.11.21,,
182,M,0,F,24.11.21,,
183,N,3.9,F,24.11.21,,
184,N,NA,T,24.11.21,,
185,N,1.6,F,24.11.21,,
186,N,0,F,24.11.21,,
187,N,0,F,24.11.21,,
188,N,0,F,24.11.21,,
189,N,0,F,24.11.21,,
190,N,2.7,F,24.11.21,,
191,N,NA,T,24.11.21,,
192,N,0,F,24.11.21,,
193,N,0,F,24.11.21,,
194,N,0,F,24.11.21,,
195,N,0,F,24.11.21,,
196,N,0,F,24.11.21,,
197,O,3.2,F,24.11.21,,
198,O,8.3,F,24.11.21,,
199,O,0.3,F,24.11.21,,
200,O,0,F,24.11.21,,
201,O,NA,T,24.11.21,,
202,O,NA,T,24.11.21,,
203,O,1.1,F,24.11.21,,
204,O,0,F,24.11.21,,
205,O,NA,T,24.11.21,,
206,O,0,F,24.11.21,,
207,O,0,F,24.11.21,,
208,O,0,F,24.11.21,,
209,O,0,F,24.11.21,,
210,O,NA,T,24.11.21,,
211,P,0,F,24.11.21,,
212,P,0,F,24.11.21,,
213,P,0,F,24.11.21,,
214,P,0,F,24.11.21,,
215,P,0,F,24.11.21,,
216,P,0,F,24.11.21,,
217,P,0,F,24.11.21,,
218,P,0,F,24.11.21,,
219,P,1.4,F,24.11.21,,
220,P,0,F,24.11.21,,
221,P,NA,T,24.11.21,,
222,P,NA,T,24.11.21,,
223,P,0,F,24.11.21,,
224,P,0,F,24.11.21,0 lfs,
1,A,0,F,02.12.21,,
2,A,0,F,02.12.21,,
3,A,0,F,02.12.21,,
4,A,0,F,02.12.21,,
5,A,0,F,02.12.21,,
6,A,0,F,02.12.21,,
7,A,0,F,02.12.21,,
8,A,0,F,02.12.21,,
9,A,0,F,02.12.21,,
10,A,0,F,02.12.21,,
11,A,0,F,02.12.21,,
12,A,0,F,02.12.21,,
13,A,0,F,02.12.21,,
14,A,0,F,02.12.21,,
15,B,NA,T,02.12.21,,
16,B,NA,T,02.12.21,,
17,B,0,F,02.12.21,,
18,B,0,F,02.12.21,,
19,B,0,F,02.12.21,,
20,B,0,F,02.12.21,,
21,B,0,F,02.12.21,,
22,B,NA,T,02.12.21,,
23,B,0,F,02.12.21,,
24,B,0,F,02.12.21,,
25,B,0,F,02.12.21,,
26,B,0,F,02.12.21,,
27,B,NA,T,02.12.21,,
28,B,0,F,02.12.21,,
29,C,0,F,02.12.21,,
30,C,0,F,02.12.21,,
31,C,0,F,02.12.21,,
32,C,0,F,02.12.21,,
33,C,0,F,02.12.21,,
34,C,0,F,02.12.21,,
35,C,0,F,02.12.21,,
36,C,NA,T,02.12.21,,
37,C,0,F,02.12.21,,
38,C,NA,T,02.12.21,,
39,C,NA,T,02.12.21,,
40,C,0,F,02.12.21,,
41,C,NA,T,02.12.21,,
42,C,NA,T,02.12.21,,
43,D,0,F,02.12.21,,
44,D,NA,T,02.12.21,,
45,D,0,F,02.12.21,,
46,D,0,F,02.12.21,,
47,D,0,F,02.12.21,,
48,D,0,F,02.12.21,,
49,D,0,F,02.12.21,,
50,D,0,F,02.12.21,,
51,D,0,F,02.12.21,,
52,D,0,F,02.12.21,,
53,D,NA,T,02.12.21,,
54,D,0,F,02.12.21,,
55,D,0,F,02.12.21,,
56,D,0,F,02.12.21,,
57,E,0,F,02.12.21,,
58,E,0,F,02.12.21,,
59,E,0,F,02.12.21,,
60,E,0,F,02.12.21,,
61,E,0,F,02.12.21,many many black dots (compromised?),
62,E,NA,T,02.12.21,,
63,E,0,F,02.12.21,,
64,E,NA,T,02.12.21,,
65,E,0,F,02.12.21,,
66,E,0,F,02.12.21,,
67,E,0,F,02.12.21,,
68,E,0,F,02.12.21,,
69,E,0,F,02.12.21,,
70,E,0,F,02.12.21,,
71,F,0,F,02.12.21,,
72,F,0,F,02.12.21,,
73,F,0,F,02.12.21,,
74,F,0,F,02.12.21,,
75,F,0.4,F,02.12.21,,
76,F,0,F,02.12.21,black dots,
77,F,0,F,02.12.21,,
78,F,0,F,02.12.21,,
79,F,0,F,02.12.21,,
80,F,0,F,02.12.21,,
81,F,0,F,02.12.21,,
82,F,0,F,02.12.21,,
83,F,0,F,02.12.21,,
84,F,0,F,02.12.21,,
85,G,0,F,02.12.21,,
86,G,0,F,02.12.21,,
87,G,0,F,02.12.21,brown lvs,
88,G,0,F,02.12.21,,
89,G,0,F,02.12.21,,
90,G,0,F,02.12.21,,
91,G,0,F,02.12.21,,
92,G,0,F,02.12.21,,
93,G,0,F,02.12.21,,
94,G,0,F,02.12.21,,
95,G,0,F,02.12.21,,
96,G,0,F,02.12.21,,
97,G,0,F,02.12.21,,
98,G,0,F,02.12.21,,
99,H,NA,T,02.12.21,,
100,H,0,F,02.12.21,,
101,H,0,F,02.12.21,,
102,H,0,F,02.12.21,buly leavs,
103,H,0,F,02.12.21,,
104,H,0,F,02.12.21,,
105,H,0,F,02.12.21,,
106,H,0,F,02.12.21,,
107,H,0,F,02.12.21,,
108,H,0,F,02.12.21,,
109,H,0,F,02.12.21,,
110,H,0.2,F,02.12.21,,
111,H,0,F,02.12.21,,
112,H,0,F,02.12.21,,
113,I,0,F,02.12.21,,
114,I,0,F,02.12.21,,
115,I,0,F,02.12.21,,
116,I,0.3,F,02.12.21,,
117,I,0,F,02.12.21,,
118,I,0,F,02.12.21,,
119,I,0,F,02.12.21,,
120,I,0,F,02.12.21,big bulky top leaves,
121,I,0,F,02.12.21,,
122,I,0,F,02.12.21,,
123,I,0,F,02.12.21,,
124,I,0,F,02.12.21,,
125,I,0,F,02.12.21,,
126,I,0,F,02.12.21,,
127,J,0,F,02.12.21,,
128,J,0,F,02.12.21,,
129,J,0,F,02.12.21,,
130,J,0,F,02.12.21,,
131,J,0,F,02.12.21,,
132,J,0.7,F,02.12.21,,
133,J,0,F,02.12.21,,
134,J,0,F,02.12.21,,
135,J,0,F,02.12.21,,
136,J,0,F,02.12.21,,
137,J,0,F,02.12.21,,
138,J,0,F,02.12.21,,
139,J,0.4,F,02.12.21,,
140,J,0,F,02.12.21,,
141,K,0,F,02.12.21,,
142,K,0,F,02.12.21,,
143,K,0,F,02.12.21,,
144,K,0,F,02.12.21,,
145,K,0,F,02.12.21,,
146,K,0,F,02.12.21,,
147,K,0,F,02.12.21,,
148,K,0,F,02.12.21,,
149,K,0,F,02.12.21,,
150,K,0,F,02.12.21,,
151,K,0,F,02.12.21,,
152,K,0,F,02.12.21,,
153,K,0,F,02.12.21,,
154,K,0,F,02.12.21,,
155,L,0,F,02.12.21,,
156,L,NA,T,02.12.21,,
157,L,0,F,02.12.21,,
158,L,0,F,02.12.21,,
159,L,0,F,02.12.21,,
160,L,0,F,02.12.21,,
161,L,0,F,02.12.21,,
162,L,0,F,02.12.21,,
163,L,0,F,02.12.21,,
164,L,0,F,02.12.21,,
165,L,0,F,02.12.21,,
166,L,0,F,02.12.21,,
167,L,0,F,02.12.21,,
168,L,0,F,02.12.21,,
169,M,0,F,02.12.21,,
170,M,0,F,02.12.21,,
171,M,0,F,02.12.21,,
172,M,0,F,02.12.21,,
173,M,0,F,02.12.21,,
174,M,0,F,02.12.21,,
175,M,0,F,02.12.21,,
176,M,0,F,02.12.21,,
177,M,0,F,02.12.21,,
178,M,0,F,02.12.21,,
179,M,0,F,02.12.21,,
180,M,0,F,02.12.21,low bulky green leaves,
181,M,0,F,02.12.21,,
182,M,0,F,02.12.21,,
183,N,0,F,02.12.21,,
184,N,NA,T,02.12.21,,
185,N,0,F,02.12.21,,
186,N,0,F,02.12.21,,
187,N,0,F,02.12.21,,
188,N,0,F,02.12.21,,
189,N,0,F,02.12.21,,
190,N,0,F,02.12.21,,
191,N,NA,T,02.12.21,,
192,N,0,F,02.12.21,,
193,N,0,F,02.12.21,,
194,N,0,F,02.12.21,,
195,N,0,F,02.12.21,,
196,N,0,F,02.12.21,,
197,O,0,F,02.12.21,,
198,O,1.1,F,02.12.21,,
199,O,0,F,02.12.21,,
200,O,0,F,02.12.21,,
201,O,NA,T,02.12.21,,
202,O,NA,T,02.12.21,,
203,O,0,F,02.12.21,,
204,O,0,F,02.12.21,,
205,O,NA,T,02.12.21,,
206,O,0,F,02.12.21,,
207,O,0,F,02.12.21,,
208,O,0,F,02.12.21,,
209,O,0,F,02.12.21,,
210,O,NA,T,02.12.21,,
211,P,0,F,02.12.21,,
212,P,0,F,02.12.21,,
213,P,0,F,02.12.21,,
214,P,0,F,02.12.21,,
215,P,0,F,02.12.21,,
216,P,0,F,02.12.21,,
217,P,0,F,02.12.21,,
218,P,0,F,02.12.21,,
219,P,0,F,02.12.21,,
220,P,0,F,02.12.21,,
221,P,NA,T,02.12.21,,
222,P,NA,T,02.12.21,,
223,P,0,F,02.12.21,,
224,P,0,F,02.12.21,0 lfs,
1,A,0,F,10.12.21,,
2,A,0,F,10.12.21,,
3,A,0,F,10.12.21,,
4,A,0,F,10.12.21,,
5,A,0,F,10.12.21,,
6,A,0,F,10.12.21,,
7,A,0,F,10.12.21,,
8,A,0,F,10.12.21,,
9,A,0,F,10.12.21,,
10,A,0,F,10.12.21,,
11,A,0,F,10.12.21,,
12,A,0,F,10.12.21,,
13,A,0,F,10.12.21,,
14,A,0,F,10.12.21,,
15,B,NA,T,10.12.21,,
16,B,NA,T,10.12.21,,
17,B,0,F,10.12.21,,
18,B,0,F,10.12.21,,
19,B,0,F,10.12.21,,
20,B,0,F,10.12.21,,
21,B,0,F,10.12.21,,
22,B,NA,T,10.12.21,,
23,B,0,F,10.12.21,,
24,B,0,F,10.12.21,,
25,B,0,F,10.12.21,,
26,B,0,F,10.12.21,,
27,B,NA,T,10.12.21,,
28,B,0,F,10.12.21,,
29,C,0,F,10.12.21,,
30,C,0,F,10.12.21,,
31,C,0,F,10.12.21,,
32,C,0,F,10.12.21,,
33,C,0,F,10.12.21,,
34,C,0,F,10.12.21,,
35,C,0,F,10.12.21,,
36,C,NA,T,10.12.21,,
37,C,0,F,10.12.21,,
38,C,NA,T,10.12.21,,
39,C,NA,T,10.12.21,,
40,C,0,F,10.12.21,,
41,C,NA,T,10.12.21,,
42,C,NA,T,10.12.21,,
43,D,0,F,10.12.21,,
44,D,NA,T,10.12.21,,
45,D,0,F,10.12.21,,
46,D,0,F,10.12.21,,
47,D,0,F,10.12.21,,
48,D,0,F,10.12.21,,
49,D,0,F,10.12.21,,
50,D,0,F,10.12.21,,
51,D,0,F,10.12.21,,
52,D,0,F,10.12.21,,
53,D,NA,T,10.12.21,,
54,D,0,F,10.12.21,,
55,D,0,F,10.12.21,,
56,D,0,F,10.12.21,,
57,E,0,F,10.12.21,,
58,E,0,F,10.12.21,,
59,E,0,F,10.12.21,,
60,E,0,F,10.12.21,,
61,E,0,F,10.12.21,,
62,E,NA,T,10.12.21,,
63,E,0,F,10.12.21,,
64,E,NA,T,10.12.21,,
65,E,0,F,10.12.21,,
66,E,0,F,10.12.21,,
67,E,0,F,10.12.21,,
68,E,0,F,10.12.21,,
69,E,0,F,10.12.21,,
70,E,0,F,10.12.21,,
71,F,0,F,10.12.21,,
72,F,0,F,10.12.21,,
73,F,0,F,10.12.21,,
74,F,0,F,10.12.21,,
75,F,0,F,10.12.21,,
76,F,0,F,10.12.21,,
77,F,0,F,10.12.21,,
78,F,0,F,10.12.21,,
79,F,0,F,10.12.21,,
80,F,0,F,10.12.21,,
81,F,0,F,10.12.21,,
82,F,0,F,10.12.21,,
83,F,0,F,10.12.21,,
84,F,0,F,10.12.21,,
85,G,0,F,10.12.21,,
86,G,0,F,10.12.21,,
87,G,0,F,10.12.21,,
88,G,0,F,10.12.21,,
89,G,0,F,10.12.21,,
90,G,0,F,10.12.21,,
91,G,0,F,10.12.21,,
92,G,0,F,10.12.21,,
93,G,0,F,10.12.21,,
94,G,0,F,10.12.21,,
95,G,0,F,10.12.21,,
96,G,0,F,10.12.21,,
97,G,0,F,10.12.21,,
98,G,0,F,10.12.21,,
99,H,NA,T,10.12.21,,
100,H,0,F,10.12.21,,
101,H,0,F,10.12.21,,
102,H,0,F,10.12.21,,
103,H,0,F,10.12.21,,
104,H,0,F,10.12.21,,
105,H,0,F,10.12.21,,
106,H,0,F,10.12.21,,
107,H,0,F,10.12.21,,
108,H,0,F,10.12.21,,
109,H,0,F,10.12.21,,
110,H,0,F,10.12.21,,
111,H,0,F,10.12.21,,
112,H,0,F,10.12.21,,
113,I,0,F,10.12.21,,
114,I,0,F,10.12.21,,
115,I,0,F,10.12.21,,
116,I,0,F,10.12.21,,
117,I,0,F,10.12.21,,
118,I,0,F,10.12.21,,
119,I,0,F,10.12.21,,
120,I,0,F,10.12.21,,
121,I,0,F,10.12.21,,
122,I,0,F,10.12.21,,
123,I,0,F,10.12.21,,
124,I,0,F,10.12.21,,
125,I,0,F,10.12.21,,
126,I,0,F,10.12.21,,
127,J,0,F,10.12.21,,
128,J,0,F,10.12.21,,
129,J,0,F,10.12.21,,
130,J,0,F,10.12.21,,
131,J,0,F,10.12.21,,
132,J,0,F,10.12.21,,
133,J,0,F,10.12.21,,
134,J,0,F,10.12.21,,
135,J,0,F,10.12.21,,
136,J,0,F,10.12.21,,
137,J,0,F,10.12.21,,
138,J,0,F,10.12.21,,
139,J,0,F,10.12.21,,
140,J,0,F,10.12.21,,
141,K,0,F,10.12.21,,
142,K,0,F,10.12.21,,
143,K,0,F,10.12.21,,
144,K,0,F,10.12.21,,
145,K,0,F,10.12.21,,
146,K,0,F,10.12.21,,
147,K,0,F,10.12.21,,
148,K,0,F,10.12.21,,
149,K,0,F,10.12.21,,
150,K,0,F,10.12.21,,
151,K,0,F,10.12.21,,
152,K,0,F,10.12.21,,
153,K,0,F,10.12.21,,
154,K,0,F,10.12.21,,
155,L,0,F,10.12.21,,
156,L,NA,T,10.12.21,,
157,L,0,F,10.12.21,,
158,L,0,F,10.12.21,,
159,L,0,F,10.12.21,,
160,L,0,F,10.12.21,,
161,L,0,F,10.12.21,,
162,L,0,F,10.12.21,,
163,L,0,F,10.12.21,,
164,L,0,F,10.12.21,,
165,L,0,F,10.12.21,,
166,L,0,F,10.12.21,,
167,L,0,F,10.12.21,,
168,L,0,F,10.12.21,,
169,M,0,F,10.12.21,,
170,M,0,F,10.12.21,,
171,M,0,F,10.12.21,,
172,M,0,F,10.12.21,,
173,M,0,F,10.12.21,,
174,M,0,F,10.12.21,,
175,M,0,F,10.12.21,,
176,M,0,F,10.12.21,,
177,M,0,F,10.12.21,,
178,M,0,F,10.12.21,,
179,M,0,F,10.12.21,,
180,M,0,F,10.12.21,,
181,M,0,F,10.12.21,,
182,M,0,F,10.12.21,,
183,N,0,F,10.12.21,,
184,N,NA,T,10.12.21,,
185,N,0,F,10.12.21,,
186,N,0,F,10.12.21,,
187,N,0,F,10.12.21,,
188,N,0,F,10.12.21,,
189,N,0,F,10.12.21,,
190,N,0,F,10.12.21,,
191,N,NA,T,10.12.21,,
192,N,0,F,10.12.21,,
193,N,0,F,10.12.21,,
194,N,0,F,10.12.21,,
195,N,0,F,10.12.21,,
196,N,0,F,10.12.21,,
197,O,0,F,10.12.21,,
198,O,0,F,10.12.21,,
199,O,0,F,10.12.21,,
200,O,0,F,10.12.21,,
201,O,NA,T,10.12.21,,
202,O,NA,T,10.12.21,,
203,O,0,F,10.12.21,,
204,O,0,F,10.12.21,,
205,O,NA,T,10.12.21,,
206,O,0,F,10.12.21,,
207,O,0,F,10.12.21,,
208,O,0,F,10.12.21,,
209,O,0,F,10.12.21,,
210,O,NA,T,10.12.21,,
211,P,0,F,10.12.21,,
212,P,0,F,10.12.21,,
213,P,0,F,10.12.21,,
214,P,0,F,10.12.21,,
215,P,0,F,10.12.21,,
216,P,0,F,10.12.21,,
217,P,0,F,10.12.21,,
218,P,0,F,10.12.21,,
219,P,0,F,10.12.21,,
220,P,0,F,10.12.21,,
221,P,NA,T,10.12.21,,
222,P,NA,T,10.12.21,,
223,P,0,F,10.12.21,,
224,P,0,F,10.12.21,,
1,A,0,F,25.12.21,,
2,A,0,F,25.12.21,,
3,A,0,F,25.12.21,,
4,A,0,F,25.12.21,,
5,A,0,F,25.12.21,,
6,A,0,F,25.12.21,,
7,A,0,F,25.12.21,,
8,A,0,F,25.12.21,,
9,A,0,F,25.12.21,,
10,A,0,F,25.12.21,,
11,A,0,F,25.12.21,,
12,A,0,F,25.12.21,,
13,A,0,F,25.12.21,,
14,A,0,F,25.12.21,,
15,B,NA,T,25.12.21,,
16,B,NA,T,25.12.21,,
17,B,0,F,25.12.21,,
18,B,0,F,25.12.21,,
19,B,0,F,25.12.21,,
20,B,0,F,25.12.21,,
21,B,0,F,25.12.21,,
22,B,NA,T,25.12.21,,
23,B,0,F,25.12.21,,
24,B,0,F,25.12.21,,
25,B,0,F,25.12.21,,
26,B,0,F,25.12.21,,
27,B,NA,T,25.12.21,,
28,B,0,F,25.12.21,,
29,C,0,F,25.12.21,,
30,C,0,F,25.12.21,,
31,C,0,F,25.12.21,,
32,C,0,F,25.12.21,,
33,C,0,F,25.12.21,,
34,C,0,F,25.12.21,,
35,C,0,F,25.12.21,,
36,C,NA,T,25.12.21,,
37,C,0,F,25.12.21,,
38,C,NA,T,25.12.21,,
39,C,NA,T,25.12.21,,
40,C,0,F,25.12.21,,
41,C,NA,T,25.12.21,,
42,C,NA,T,25.12.21,,
43,D,0,F,25.12.21,,
44,D,NA,T,25.12.21,,
45,D,0,F,25.12.21,,
46,D,0,F,25.12.21,,
47,D,0,F,25.12.21,,
48,D,0,F,25.12.21,,
49,D,0,F,25.12.21,,
50,D,0,F,25.12.21,,
51,D,0,F,25.12.21,,
52,D,0,F,25.12.21,,
53,D,NA,T,25.12.21,,
54,D,0,F,25.12.21,,
55,D,0,F,25.12.21,,
56,D,0,F,25.12.21,,
57,E,0,F,25.12.21,,
58,E,0,F,25.12.21,,
59,E,0,F,25.12.21,,
60,E,0,F,25.12.21,,
61,E,0,F,25.12.21,,
62,E,NA,T,25.12.21,,
63,E,0,F,25.12.21,,
64,E,NA,T,25.12.21,,
65,E,0,F,25.12.21,,
66,E,0,F,25.12.21,,
67,E,0,F,25.12.21,,
68,E,0,F,25.12.21,,
69,E,0,F,25.12.21,,
70,E,0,F,25.12.21,,
71,F,0,F,25.12.21,,
72,F,0,F,25.12.21,,
73,F,0,F,25.12.21,,
74,F,0,F,25.12.21,,
75,F,0,F,25.12.21,,
76,F,0,F,25.12.21,,
77,F,0,F,25.12.21,,
78,F,0,F,25.12.21,,
79,F,0,F,25.12.21,,
80,F,0,F,25.12.21,,
81,F,0,F,25.12.21,,
82,F,0,F,25.12.21,,
83,F,0,F,25.12.21,,
84,F,0,F,25.12.21,,
85,G,0,F,25.12.21,,
86,G,0,F,25.12.21,,
87,G,0,F,25.12.21,,
88,G,0,F,25.12.21,,
89,G,0,F,25.12.21,,
90,G,0,F,25.12.21,,
91,G,0,F,25.12.21,,
92,G,0,F,25.12.21,,
93,G,0,F,25.12.21,,
94,G,0,F,25.12.21,,
95,G,0,F,25.12.21,,
96,G,0,F,25.12.21,,
97,G,0,F,25.12.21,,
98,G,0,F,25.12.21,,
99,H,NA,T,25.12.21,,
100,H,0,F,25.12.21,,
101,H,0,F,25.12.21,,
102,H,0,F,25.12.21,,
103,H,0,F,25.12.21,,
104,H,0,F,25.12.21,,
105,H,0,F,25.12.21,,
106,H,0,F,25.12.21,,
107,H,0,F,25.12.21,,
108,H,0,F,25.12.21,,
109,H,0,F,25.12.21,,
110,H,0,F,25.12.21,,
111,H,0,F,25.12.21,,
112,H,0,F,25.12.21,,
113,I,0,F,25.12.21,,
114,I,0,F,25.12.21,,
115,I,0,F,25.12.21,,
116,I,0,F,25.12.21,,
117,I,0,F,25.12.21,,
118,I,0,F,25.12.21,,
119,I,0,F,25.12.21,,
120,I,0,F,25.12.21,,
121,I,0,F,25.12.21,,
122,I,0,F,25.12.21,,
123,I,0,F,25.12.21,,
124,I,0,F,25.12.21,,
125,I,0,F,25.12.21,,
126,I,0,F,25.12.21,,
127,J,0,F,25.12.21,,
128,J,0,F,25.12.21,,
129,J,0,F,25.12.21,,
130,J,0,F,25.12.21,,
131,J,0,F,25.12.21,,
132,J,0,F,25.12.21,,
133,J,0,F,25.12.21,,
134,J,0,F,25.12.21,,
135,J,0,F,25.12.21,,
136,J,0,F,25.12.21,,
137,J,0,F,25.12.21,,
138,J,0,F,25.12.21,,
139,J,0,F,25.12.21,,
140,J,0,F,25.12.21,,
141,K,0,F,25.12.21,,
142,K,0,F,25.12.21,,
143,K,0,F,25.12.21,,
144,K,0,F,25.12.21,,
145,K,0,F,25.12.21,,
146,K,0,F,25.12.21,,
147,K,0,F,25.12.21,,
148,K,0,F,25.12.21,,
149,K,0,F,25.12.21,,
150,K,0,F,25.12.21,,
151,K,0,F,25.12.21,,
152,K,0,F,25.12.21,,
153,K,0,F,25.12.21,,
154,K,0,F,25.12.21,,
155,L,0,F,25.12.21,,
156,L,NA,T,25.12.21,,
157,L,0,F,25.12.21,,
158,L,0,F,25.12.21,,
159,L,0,F,25.12.21,,
160,L,0,F,25.12.21,,
161,L,0,F,25.12.21,,
162,L,0,F,25.12.21,,
163,L,0,F,25.12.21,,
164,L,0,F,25.12.21,,
165,L,0,F,25.12.21,,
166,L,0,F,25.12.21,,
167,L,0,F,25.12.21,,
168,L,0,F,25.12.21,,
169,M,0,F,25.12.21,,
170,M,0,F,25.12.21,,
171,M,0,F,25.12.21,,
172,M,0,F,25.12.21,,
173,M,0,F,25.12.21,,
174,M,0,F,25.12.21,,
175,M,0,F,25.12.21,,
176,M,0,F,25.12.21,,
177,M,0,F,25.12.21,,
178,M,0,F,25.12.21,,
179,M,0,F,25.12.21,,
180,M,0,F,25.12.21,,
181,M,0,F,25.12.21,,
182,M,0,F,25.12.21,,
183,N,0,F,25.12.21,,
184,N,NA,T,25.12.21,,
185,N,0,F,25.12.21,,
186,N,0,F,25.12.21,,
187,N,0,F,25.12.21,,
188,N,0,F,25.12.21,,
189,N,0,F,25.12.21,,
190,N,0,F,25.12.21,,
191,N,NA,T,25.12.21,,
192,N,0,F,25.12.21,,
193,N,0,F,25.12.21,,
194,N,0,F,25.12.21,,
195,N,0,F,25.12.21,,
196,N,0,F,25.12.21,,
197,O,0,F,25.12.21,,
198,O,0,F,25.12.21,,
199,O,0,F,25.12.21,,
200,O,0,F,25.12.21,,
201,O,NA,T,25.12.21,,
202,O,NA,T,25.12.21,,
203,O,0,F,25.12.21,,
204,O,0,F,25.12.21,,
205,O,NA,T,25.12.21,,
206,O,0,F,25.12.21,,
207,O,0,F,25.12.21,,
208,O,0,F,25.12.21,,
209,O,0,F,25.12.21,,
210,O,NA,T,25.12.21,,
211,P,0,F,25.12.21,,
212,P,0,F,25.12.21,,
213,P,0,F,25.12.21,,
214,P,0,F,25.12.21,,
215,P,0,F,25.12.21,,
216,P,0,F,25.12.21,,
217,P,0,F,25.12.21,,
218,P,0,F,25.12.21,,
219,P,0,F,25.12.21,,
220,P,0,F,25.12.21,,
221,P,NA,T,25.12.21,,
222,P,NA,T,25.12.21,,
223,P,0,F,25.12.21,,
224,P,0,F,25.12.21,,
1,A,0,F,20.01.22,,
2,A,0,F,20.01.22,,
3,A,0,F,20.01.22,,
4,A,0,F,20.01.22,,
5,A,0,F,20.01.22,,
6,A,0,F,20.01.22,,
7,A,0,F,20.01.22,,
8,A,0,F,20.01.22,,
9,A,0,F,20.01.22,,
10,A,0,F,20.01.22,,
11,A,0,F,20.01.22,,
12,A,0,F,20.01.22,,
13,A,0,F,20.01.22,,
14,A,0,F,20.01.22,,
15,B,NA,T,20.01.22,,
16,B,NA,T,20.01.22,,
17,B,0,F,20.01.22,,
18,B,0,F,20.01.22,,
19,B,0,F,20.01.22,,
20,B,0,F,20.01.22,,
21,B,0,F,20.01.22,,
22,B,NA,T,20.01.22,,
23,B,0,F,20.01.22,,
24,B,0,F,20.01.22,,
25,B,0,F,20.01.22,,
26,B,0,F,20.01.22,,
27,B,NA,T,20.01.22,,
28,B,0,F,20.01.22,,
29,C,0,F,20.01.22,,
30,C,0,F,20.01.22,,
31,C,0,F,20.01.22,,
32,C,0,F,20.01.22,,
33,C,0,F,20.01.22,,
34,C,0,F,20.01.22,,
35,C,0,F,20.01.22,,
36,C,NA,T,20.01.22,,
37,C,0,F,20.01.22,,
38,C,NA,T,20.01.22,,
39,C,NA,T,20.01.22,,
40,C,0,F,20.01.22,,
41,C,NA,T,20.01.22,,
42,C,NA,T,20.01.22,,
43,D,0,F,20.01.22,,
44,D,NA,T,20.01.22,,
45,D,0,F,20.01.22,,
46,D,0,F,20.01.22,,
47,D,0,F,20.01.22,,
48,D,0,F,20.01.22,,
49,D,0,F,20.01.22,,
50,D,0,F,20.01.22,,
51,D,0,F,20.01.22,,
52,D,0,F,20.01.22,,
53,D,NA,T,20.01.22,,
54,D,0,F,20.01.22,,
55,D,0,F,20.01.22,,
56,D,0,F,20.01.22,,
57,E,0,F,20.01.22,,
58,E,0,F,20.01.22,,
59,E,0,F,20.01.22,,
60,E,0,F,20.01.22,,
61,E,0,F,20.01.22,,
62,E,NA,T,20.01.22,,
63,E,0,F,20.01.22,,
64,E,NA,T,20.01.22,,
65,E,0,F,20.01.22,,
66,E,0,F,20.01.22,,
67,E,0,F,20.01.22,,
68,E,0,F,20.01.22,,
69,E,0,F,20.01.22,,
70,E,0,F,20.01.22,,
71,F,0,F,20.01.22,,
72,F,0,F,20.01.22,,
73,F,0,F,20.01.22,,
74,F,0,F,20.01.22,,
75,F,0,F,20.01.22,,
76,F,0,F,20.01.22,,
77,F,0,F,20.01.22,,
78,F,0,F,20.01.22,,
79,F,0,F,20.01.22,,
80,F,0,F,20.01.22,,
81,F,0,F,20.01.22,,
82,F,0,F,20.01.22,,
83,F,0,F,20.01.22,,
84,F,0,F,20.01.22,,
85,G,0,F,20.01.22,,
86,G,0,F,20.01.22,,
87,G,0,F,20.01.22,,
88,G,0,F,20.01.22,,
89,G,0,F,20.01.22,,
90,G,0,F,20.01.22,,
91,G,0,F,20.01.22,,
92,G,0,F,20.01.22,,
93,G,0,F,20.01.22,,
94,G,0,F,20.01.22,,
95,G,0,F,20.01.22,,
96,G,0,F,20.01.22,,
97,G,0,F,20.01.22,,
98,G,0,F,20.01.22,,
99,H,NA,T,20.01.22,,
100,H,0,F,20.01.22,,
101,H,0,F,20.01.22,,
102,H,0,F,20.01.22,,
103,H,0,F,20.01.22,,
104,H,0,F,20.01.22,,
105,H,0,F,20.01.22,,
106,H,0,F,20.01.22,,
107,H,0,F,20.01.22,,
108,H,0,F,20.01.22,,
109,H,0,F,20.01.22,,
110,H,0,F,20.01.22,,
111,H,0,F,20.01.22,,
112,H,0,F,20.01.22,,
113,I,0,F,20.01.22,,
114,I,0,F,20.01.22,,
115,I,0,F,20.01.22,,
116,I,0,F,20.01.22,,
117,I,0,F,20.01.22,,
118,I,0,F,20.01.22,,
119,I,0,F,20.01.22,,
120,I,0,F,20.01.22,,
121,I,0,F,20.01.22,,
122,I,0,F,20.01.22,,
123,I,0,F,20.01.22,,
124,I,0,F,20.01.22,,
125,I,0,F,20.01.22,,
126,I,0,F,20.01.22,,
127,J,0,F,20.01.22,,
128,J,0,F,20.01.22,,
129,J,0,F,20.01.22,,
130,J,0,F,20.01.22,,
131,J,0,F,20.01.22,,
132,J,0,F,20.01.22,,
133,J,0,F,20.01.22,,
134,J,0,F,20.01.22,,
135,J,0,F,20.01.22,,
136,J,0,F,20.01.22,,
137,J,0,F,20.01.22,,
138,J,0,F,20.01.22,,
139,J,0,F,20.01.22,,
140,J,0,F,20.01.22,,
141,K,0,F,20.01.22,,
142,K,0,F,20.01.22,,
143,K,0,F,20.01.22,,
144,K,0,F,20.01.22,,
145,K,0,F,20.01.22,,
146,K,0,F,20.01.22,,
147,K,0,F,20.01.22,,
148,K,0,F,20.01.22,,
149,K,0,F,20.01.22,,
150,K,0,F,20.01.22,,
151,K,0,F,20.01.22,,
152,K,0,F,20.01.22,,
153,K,0,F,20.01.22,,
154,K,0,F,20.01.22,,
155,L,0,F,20.01.22,,
156,L,NA,T,20.01.22,,
157,L,0,F,20.01.22,,
158,L,0,F,20.01.22,,
159,L,0,F,20.01.22,,
160,L,0,F,20.01.22,,
161,L,0,F,20.01.22,,
162,L,0,F,20.01.22,,
163,L,0,F,20.01.22,,
164,L,0,F,20.01.22,,
165,L,0,F,20.01.22,,
166,L,0,F,20.01.22,,
167,L,0,F,20.01.22,,
168,L,0,F,20.01.22,,
169,M,0,F,20.01.22,,
170,M,0,F,20.01.22,,
171,M,0,F,20.01.22,,
172,M,0,F,20.01.22,,
173,M,0,F,20.01.22,,
174,M,0,F,20.01.22,,
175,M,0,F,20.01.22,,
176,M,0,F,20.01.22,,
177,M,0,F,20.01.22,,
178,M,0,F,20.01.22,,
179,M,0,F,20.01.22,,
180,M,0,F,20.01.22,,
181,M,0,F,20.01.22,,
182,M,0,F,20.01.22,,
183,N,0,F,20.01.22,,
184,N,NA,T,20.01.22,,
185,N,0,F,20.01.22,,
186,N,0,F,20.01.22,,
187,N,0,F,20.01.22,,
188,N,0,F,20.01.22,,
189,N,0,F,20.01.22,,
190,N,0,F,20.01.22,,
191,N,NA,T,20.01.22,,
192,N,0,F,20.01.22,,
193,N,0,F,20.01.22,,
194,N,0,F,20.01.22,,
195,N,0,F,20.01.22,,
196,N,0,F,20.01.22,,
197,O,0,F,20.01.22,,
198,O,0,F,20.01.22,,
199,O,0,F,20.01.22,,
200,O,0,F,20.01.22,,
201,O,NA,T,20.01.22,,
202,O,NA,T,20.01.22,,
203,O,0,F,20.01.22,,
204,O,0,F,20.01.22,,
205,O,NA,T,20.01.22,,
206,O,0,F,20.01.22,,
207,O,0,F,20.01.22,,
208,O,0,F,20.01.22,,
209,O,0,F,20.01.22,,
210,O,NA,T,20.01.22,,
211,P,0,F,20.01.22,,
212,P,0,F,20.01.22,,
213,P,0,F,20.01.22,,
214,P,0,F,20.01.22,,
215,P,0,F,20.01.22,,
216,P,0,F,20.01.22,,
217,P,0,F,20.01.22,,
218,P,0,F,20.01.22,,
219,P,0,F,20.01.22,,
220,P,0,F,20.01.22,,
221,P,NA,T,20.01.22,,
222,P,NA,T,20.01.22,,
223,P,0,F,20.01.22,,
224,P,0,F,20.01.22,,