treatment_long,Treatment,Id,Group,Date,Time,E,A,Ca,Ci,Pci,Pca,gsw,gbw,gtw,gtc,Rabs,TleafEB,TleafCnd,SVPleaf,RHcham,VPcham,SVPcham,VPDleaf,LatHFlux,SenHFlux,NetTherm,EBSum
cold,cold,112,H,A,18:14:47,0.000173409,1.980216631,396.3183226,365.2939101,35.30227023,38.30049211,0.107311023,3.020457123,0.105237101,0.065956184,24.94015024,12.57565303,7.299476129,1.026600827,59.82812005,0.868918566,1.45235813,0.157682261,-7.647337731,842.8768633,50.49873506,910.6684109
cold,cold,110,H,A,18:22:25,0.000184115,2.124190342,396.0444667,363.3591313,35.13543596,38.29598268,0.109249637,3.021355893,0.10710154,0.067127943,24.94057778,12.57921704,7.453102667,1.037442252,60.07431468,0.872856334,1.452960951,0.164585918,-8.119493385,819.1333882,49.10299759,885.0574702
cold,cold,100,H,A,18:32:40,0.000208327,3.188854841,394.1275935,345.8372369,33.41540815,38.08130692,0.109578103,3.018401063,0.107397784,0.067315867,24.94020239,12.58533829,7.760627111,1.059454889,60.07570502,0.873575999,1.454127007,0.18587889,-9.187216583,770.2738858,46.29733219,832.3242038
shade,shade,30,C,A,15:36:07,8.00E-05,1.699398512,396.8881,277.3564833,26.67819957,38.17563524,0.023193009,3.009824503,0.023094177,0.014442705,8.833073644,13.72653802,10.47449333,1.272209491,59.95000728,0.942948828,1.572891933,0.329260663,-3.526895196,522.701498,32.16335387,560.1710303
shade,shade,34,C,A,15:42:55,4.65E-05,1.064137861,398.0763226,269.1129611,25.88428375,38.28845867,0.013423369,3.008950157,0.01339019,0.008371843,8.832979754,13.73240943,10.44932581,1.270075245,59.75152858,0.939662438,1.572616568,0.330412807,-2.052098935,526.1955422,32.38302836,565.3594513
shade,shade,35,C,A,15:49:02,0.000126758,1.302811375,397.5687097,337.4893568,32.46293105,38.2419337,0.036141635,3.009558972,0.035902236,0.022460274,8.833044687,13.71718122,10.56524839,1.27993192,60.02234127,0.944246667,1.573158673,0.335685253,-5.590041347,508.3533474,31.29854571,542.8948964
control,ambient,14,A,A,14:11:07,6.17E-05,1.724398011,396.8453548,244.6077667,23.55190922,38.21001229,0.018384539,3.012074824,0.018322426,0.011457079,77.24505704,14.13512487,10.3677071,1.263175529,59.8906973,0.942472592,1.573654398,0.320702937,-2.722523718,541.6432316,33.28666792,649.4524329
control,ambient,13,A,A,14:19:33,0.000157807,1.942172564,396.3949,329.2557302,31.70012711,38.16416106,0.048009832,3.010479033,0.047588506,0.029780362,77.24570147,14.10728174,10.31164333,1.258455274,59.92770073,0.942840528,1.573296683,0.315614746,-6.959270463,549.8880468,33.80070644,653.9751843
control,ambient,1,A,A,14:25:56,8.37E-05,2.194271881,395.9935484,248.183896,23.89373404,38.12400675,0.024135965,3.010732116,0.024028985,0.015027688,77.2456339,14.13542513,10.55592903,1.27913703,60.19294203,0.947582408,1.574241724,0.331554622,-3.692073357,511.7820905,31.49759201,616.833243
control,ambient,2,A,A,14:34:44,0.000106309,2.388490968,395.6294516,265.0737024,25.517514,38.08555877,0.029841998,3.012243274,0.029678722,0.018563797,77.24522187,14.11429415,10.59987419,1.282889123,59.90053766,0.942050243,1.572690796,0.34083888,-4.688233551,502.4408351,30.91181773,605.9096412
control,ambient,24,B,A,14:41:03,0.000105059,2.378540953,395.6289667,263.5551065,25.35247073,38.0572091,0.029369808,3.009793822,0.029211517,0.018271349,77.2451317,14.13785607,10.67332333,1.289181945,60.14094375,0.947242173,1.575037094,0.341939772,-4.633098139,493.8342714,30.42242854,596.8687335
control,ambient,21,B,A,14:49:11,9.18E-05,1.762667721,396.7671935,271.676557,26.13743751,38.17214796,0.023021455,3.010873216,0.02292411,0.014336281,77.24545643,14.12608176,11.0612871,1.322874223,59.88744019,0.942327442,1.573497613,0.380546781,-4.046423385,428.5950049,26.445545,528.239583
control,ambient,17,B,A,14:53:51,0.000152446,3.191811305,394.1410968,266.6753267,25.65318366,37.91492099,0.040960519,3.008922012,0.040653252,0.025435697,77.24525946,14.10183736,10.86624194,1.305840073,60.36841932,0.94934126,1.57257929,0.356498813,-6.722863638,458.5006044,28.27889417,557.3018944
late,late,197,O,A,14:58:59,5.97E-05,1.275928812,397.6614333,267.8813262,25.7704394,38.25540964,0.016015559,3.011275038,0.015968388,0.009984469,77.24556096,14.09370537,10.80657667,1.30066797,60.24018521,0.945382177,1.569354698,0.355285793,-2.631466097,463.4219119,28.54640794,566.5824147
late,late,196,N,A,15:03:24,0.000126658,2.381574432,395.6334839,285.2780681,27.44478917,38.06138209,0.035350916,3.011758552,0.035122008,0.021971698,77.24590226,14.10875398,10.64753871,1.286969734,60.02995446,0.944060615,1.572649228,0.342909119,-5.585610717,494.5547042,30.439072,596.6540678
late,late,223,P,A,15:18:14,0.000110813,2.078150769,396.1725484,284.1454027,27.33556446,38.1128821,0.030363989,3.00988824,0.030194838,0.018886893,77.24555546,14.10452717,10.71134839,1.292450443,60.02738536,0.943497137,1.571777834,0.348953306,-4.886835229,482.5102941,29.72481386,584.5938282
control,ambient,1,A,B,12:29:17,NA,7.207656632,386.5487,229.8975583,22.22521825,37.36938003,0.076632375,3.020150062,0.075568314,0.047324567,79.15090889,19.77910357,19.77910357,2.314705217,64.96773225,1.477309867,2.273913243,0.837395349,-29.44417118,-46.6193287,-3.091945349,-0.004536341
control,ambient,2,A,B,12:31:45,NA,7.127800383,386.7258,225.1339903,21.76427027,37.38575779,0.073360575,3.020681731,0.07238498,0.045327185,79.15034947,19.79697578,19.79697578,2.317272595,64.8376285,1.475419551,2.275560635,0.841853044,-28.35464132,-47.64082777,-3.159616465,-0.004736092
control,ambient,25,B,B,12:32:27,NA,7.128016141,386.7196129,223.1891531,21.5762411,37.38513046,0.07245914,3.020827858,0.07150725,0.044776513,79.15029298,19.81500019,19.81500019,2.319864364,64.76861051,1.475367765,2.277905537,0.844496599,-28.09917471,-47.88001306,-3.175889085,-0.004783862
control,ambient,21,B,B,12:36:02,NA,6.264782424,388.2567419,246.9817872,23.87603139,37.53325404,0.074128246,3.018011397,0.073131407,0.045795574,79.15048577,19.78024211,19.78024211,2.314868695,65.03863978,1.478488747,2.273246723,0.836379948,-28.4612798,-47.53882391,-3.155105711,-0.004723649
control,ambient,17,B,B,12:39:37,NA,6.368900162,388.0629667,239.8273546,23.18425187,37.51427595,0.071665028,3.018941417,0.070733171,0.044290946,79.15082117,19.83647399,19.83647399,2.322955445,65.07136045,1.483970893,2.280528458,0.838984552,-27.61582153,-48.33139104,-3.208489827,-0.004881229
control,ambient,26,B,B,12:43:06,NA,6.150831578,388.5194667,239.3625222,23.13893926,37.55779417,0.068755919,3.021684233,0.06789846,0.042512686,79.15045323,19.84992928,19.84992928,2.324894127,64.82623827,1.479168045,2.281742831,0.845726082,-26.72213644,-49.17168255,-3.261677859,-0.005043619
control,ambient,24,B,B,12:47:02,NA,8.371545159,384.0431935,288.3896346,27.87671789,37.12291455,0.150566512,3.019334507,0.146516208,0.091927458,79.15041458,19.69585369,19.69585369,2.302779025,65.33076769,1.491642295,2.283215624,0.81113673,-55.3050748,-22.36293499,-1.483449308,-0.001044512
ambient,ambient,33,C,B,12:49:32,NA,7.654031341,385.5019667,278.2545842,26.89422806,37.26004313,0.121681755,3.018441246,0.119020857,0.074622261,79.15047909,19.83601892,19.83601892,2.322889902,64.71409339,1.485723833,2.295827316,0.837166068,-46.37656815,-30.73413535,-2.041751064,-0.001975464
ambient,ambient,35,C,B,12:54:09,NA,5.725817952,389.3229333,232.6278315,22.48140463,37.62458834,0.060756941,3.016886909,0.060085285,0.03761303,79.1502941,20.04161718,20.04161718,2.352667536,65.08622073,1.501283726,2.306607619,0.851383809,-23.81866686,-51.8837456,-3.453521781,-0.005640137
ambient,ambient,34,C,B,12:58:19,NA,6.567477081,387.6788333,248.1689115,23.98265484,37.46467515,0.078887632,3.019005428,0.077760096,0.048700022,79.15072442,20.21577263,20.21577263,2.378152298,64.5820526,1.509956518,2.338043554,0.86819578,-31.44045697,-44.73301496,-2.981445029,-0.004192541
ambient,ambient,30,C,B,13:04:04,NA,6.794487754,387.1629667,270.6745893,26.15599238,37.41256848,0.098770058,3.016899728,0.097008176,0.06078579,79.1504742,20.02594554,20.02594554,2.350386031,64.77499609,1.500455142,2.316411011,0.849930889,-38.39260545,-38.21646358,-2.544466029,-0.003060864
ambient,ambient,37,C,B,13:08:50,NA,6.203456735,388.3201613,259.5106324,25.07816749,37.52585377,0.080959516,3.018512376,0.079772265,0.049962885,79.15035257,20.02252548,20.02252548,2.34988839,64.8667292,1.498638504,2.310334624,0.851249886,-31.61855718,-44.57070028,-2.965253171,-0.004158059
ambient,ambient,108,H,B,13:12:28,NA,2.725214005,394.9785333,84.74288079,8.188852089,38.16746325,0.014255897,3.018700068,0.0142186,0.008889968,79.15022521,20.55514148,20.55514148,2.428509002,64.19519389,1.518950146,2.366143092,0.909558856,-6.025163871,-68.55296207,-4.581963824,-0.009864559
ambient,ambient,103,H,B,13:24:33,NA,3.603623685,393.3702333,157.8075973,15.24805167,38.00913103,0.025013983,3.017190169,0.024899343,0.015572345,79.15043656,20.77882951,20.77882951,2.462209086,65.38398624,1.571016418,2.402754112,0.891192668,-10.34359634,-64.4924507,-4.323143165,-0.008753639
ambient,ambient,101,H,B,13:29:37,NA,6.141213037,388.6046774,187.0562551,18.07408663,37.54846156,0.05023198,3.019005464,0.04977224,0.031148605,79.15077726,20.77806982,20.77806982,2.462093944,64.64280851,1.559025052,2.411753275,0.903068893,-20.95051633,-54.55087423,-3.655643761,-0.006257063
ambient,ambient,111,H,B,13:53:23,NA,5.242023674,390.2295484,221.0182061,21.3558449,37.70586078,0.051281894,3.019365615,0.05080289,0.03179447,79.15036114,19.87208528,19.87208528,2.328089526,65.21679066,1.486477825,2.279286991,0.841611701,-19.90711698,-55.56125776,-3.68843568,-0.006449271
ambient,ambient,105,H,B,13:57:52,NA,0.634512665,398.8271667,-1009.378117,-97.53544915,38.53836949,0.000718743,3.0165838,0.000718647,0.000449163,79.15051247,20.00218662,20.00218662,2.346930862,65.04283919,1.484050684,2.281651143,0.862880178,-0.288729986,-73.95547195,-4.917762221,-0.011451687
late,late,192,N,B,14:35:11,NA,4.473695786,391.6846667,220.3449024,21.29423711,37.85259416,0.043147499,3.01907467,0.042807828,0.026785188,79.15053585,19.70735917,19.70735917,2.30442406,65.13358421,1.467739208,2.253429203,0.836684852,-16.66956683,-58.60425488,-3.883881882,-0.007167742
late,late,189,N,B,14:38:20,NA,2.10281739,396.1687742,-13.7572613,-1.329529453,38.28654863,0.00827389,3.016341656,0.008261302,0.005164443,79.15066521,19.86641162,19.86641162,2.327270888,65.09134753,1.474248064,2.264890988,0.853022824,-3.280262601,-71.15522441,-4.725771789,-0.01059359
late,late,185,N,B,14:47:19,NA,2.683704113,395.1039677,89.9787105,8.69479281,38.17955513,0.014270055,3.018945334,0.014232688,0.008898779,79.15041845,20.02694753,20.02694753,2.350531844,64.86578085,1.485214075,2.289672698,0.865317769,-5.734398795,-68.84938287,-4.576549339,-0.009912552
late,late,187,N,B,14:50:49,NA,4.128480293,392.3253871,223.3642039,21.58292461,37.90907004,0.040407395,3.020412877,0.040109466,0.025095001,79.15047564,19.98661423,19.98661423,2.344668646,64.93944933,1.488648484,2.292363885,0.856020162,-15.9872541,-59.23540726,-3.93514461,-0.007330329
late,late,188,N,B,14:54:04,NA,5.83181933,388.9681613,276.5387252,26.71945454,37.58250167,0.087813777,3.01819885,0.086418709,0.054135188,79.15031655,19.87084727,19.87084727,2.327910876,65.02982236,1.489450784,2.29041189,0.838460092,-33.73822144,-42.58656726,-2.829321016,-0.003793161
late,late,203,O,B,15:00:25,NA,2.554284771,395.275129,166.6356619,16.10013911,38.19101201,0.018252287,3.016923382,0.018191161,0.011374951,79.15014825,20.08059221,20.08059221,2.358350004,65.13822701,1.497242458,2.298561883,0.861107547,-7.295375573,-67.3797563,-4.48452686,-0.009510484
late,late,208,O,B,15:03:31,NA,6.358056734,388.1111613,245.5545178,23.72448233,37.49772747,0.07453957,3.018935664,0.073532023,0.046046904,79.15068085,19.91743037,19.91743037,2.334641319,65.25833607,1.496323899,2.292923769,0.83831742,-28.7059211,-47.30628681,-3.143152054,-0.004679104
late,late,197,O,B,15:06:06,NA,3.087851747,394.3691,4.980328881,0.481186046,38.10288685,0.012808929,3.01648123,0.012778789,0.007989445,79.15044308,20.13258083,20.13258083,2.365948543,65.40249874,1.506993854,2.304183911,0.85895469,-5.112535935,-69.42454973,-4.623459858,-0.010102443
late,late,206,O,B,15:13:07,NA,1.392985873,397.4173226,182.8123256,17.66259302,38.39686632,0.010611759,3.017705626,0.010591072,0.006621275,79.15030354,19.97702815,19.97702815,2.343277015,64.92239298,1.48110436,2.281345914,0.862172655,-4.252118498,-70.24018689,-4.668319775,-0.010321624
late,late,200,O,B,15:16:14,NA,3.891752432,392.8459677,142.4481887,13.76354533,37.95733266,0.025352511,3.017763028,0.025234777,0.015782268,79.1506897,19.81541421,19.81541421,2.319923928,65.27062983,1.477146921,2.263111181,0.842777006,-9.901382986,-64.94803925,-4.310083575,-0.008816109
late,late,211,P,B,15:19:42,NA,6.562481921,387.7877,214.7808241,20.75256017,37.46883647,0.062858453,3.017457023,0.06213996,0.038901344,79.15060425,19.80822601,19.80822601,2.318889992,64.65587601,1.470279461,2.274007486,0.848610531,-24.54947055,-51.2068612,-3.399755712,-0.005483211
late,late,220,P,B,15:26:12,NA,2.471752734,395.4575161,117.3983768,11.34326771,38.209902,0.014449714,3.019171372,0.014411404,0.009010561,79.15067587,19.90568298,19.90568298,2.33294242,64.63029744,1.468745949,2.27253472,0.864196471,-5.798428565,-68.79519942,-4.566935178,-0.009887294
late,late,217,P,B,15:31:30,NA,6.002125917,388.7809677,241.9923535,23.37829604,37.55918907,0.068234263,3.019339394,0.067389033,0.042193214,79.15037063,19.92260729,19.92260729,2.335390345,64.69135413,1.482769624,2.292067687,0.852620721,-26.75719518,-49.13407697,-3.264144718,-0.005046237
late,late,213,P,B,15:35:03,NA,5.137894401,390.4740333,205.0863291,19.81167078,37.72042257,0.045723035,3.017067788,0.045341545,0.028372476,79.15048827,20.0477583,20.0477583,2.353562099,65.05237279,1.497991597,2.302747052,0.855570502,-18.06972518,-57.27583639,-3.811798501,-0.0068718
late,late,224,P,B,15:39:51,NA,5.994012667,388.7791613,249.6286888,24.11429577,37.55632308,0.072040168,3.016836018,0.071097951,0.044519847,79.15082129,19.85955694,19.85955694,2.326282183,65.14490582,1.487840853,2.283894395,0.83844133,-27.76180736,-48.19165991,-3.202214626,-0.004860603
control,ambient,13,A,B,15:45:49,NA,8.782376377,383.4884839,257.4967995,24.87333062,37.04370644,0.117793904,3.018211341,0.115298262,0.072281233,79.15060285,19.87908339,19.87908339,2.329099612,65.10349089,1.497736501,2.300547144,0.831363111,-44.6456329,-32.35662067,-2.150539706,-0.002190421
ambient,ambient,132,J,B,15:50:54,NA,9.70282311,381.6863548,265.8763871,25.68214786,36.86873253,0.142750201,3.016282444,0.139100434,0.087257916,79.15016475,20.04385451,20.04385451,2.352993408,64.60327296,1.506962322,2.332640829,0.846031086,-54.82352935,-22.8078459,-1.519880762,-0.001091263
ambient,ambient,165,L,B,15:53:48,NA,6.078372478,388.7432333,185.9200161,17.9589913,37.55075162,0.049347025,3.0166987,0.048902928,0.030603897,79.15066708,20.17951755,20.17951755,2.372827125,64.79030074,1.505115704,2.323057134,0.867711421,-19.76966536,-55.67649963,-3.711003197,-0.006501115
ambient,ambient,172,M,B,15:57:36,NA,5.531532198,389.7076667,218.6133741,21.11912998,37.64768236,0.053552255,3.016581933,0.053029656,0.033190063,79.1504492,20.21439041,20.21439041,2.377949084,65.02502373,1.514680632,2.329381129,0.863268452,-21.32765549,-54.21385024,-3.615109686,-0.006166224
ambient,ambient,66,E,B,16:00:40,NA,8.070048686,384.6965484,283.2726512,27.36633473,37.16466968,0.136234878,3.01799604,0.132908326,0.083359816,79.15062948,20.00125562,20.00125562,2.346795561,65.70745652,1.526480741,2.323146903,0.82031482,-50.78714938,-26.59471827,-1.770243276,-0.001481448
shade,shade,51,D,B,16:22:03,NA,0.949310434,398.265,58.14934929,5.616972816,38.47065712,0.004508202,3.018395828,0.004504465,0.002815626,11.08458894,19.00273104,19.00273104,2.205556323,65.40964642,1.437736158,2.19804912,0.767820166,-1.609356211,-8.889462248,-0.585934908,-0.00016443
shade,shade,49,D,B,16:24:47,NA,1.995004388,396.1423667,323.9947339,31.29440092,38.26308501,0.047590857,3.016923623,0.047177694,0.029522881,11.08437186,18.85101227,18.85101227,2.184761719,65.39404602,1.431512552,2.189056404,0.753249167,-16.53454559,5.113296384,0.336822924,-5.44E-05
shade,shade,45,D,B,16:27:47,NA,1.885527478,396.2011667,350.2187763,33.82673203,38.268053,0.073913391,3.01810084,0.072922309,0.045664381,11.08466598,18.72760692,18.72760692,2.167974736,65.24639795,1.42179983,2.179123867,0.746174906,-25.31427327,13.35100864,0.878228145,-0.000370506
shade,shade,54,D,B,16:30:39,NA,1.810177124,396.2664839,358.2136088,34.59859657,38.27399036,0.088108932,3.019109762,0.086704968,0.054314882,11.08459125,18.71776167,18.71776167,2.166640359,65.22326768,1.422820939,2.181462214,0.74381942,-30.00402237,17.75143503,1.167341511,-0.000654588
shade,shade,55,D,B,16:33:07,NA,2.096485082,395.629,360.0987864,34.7811161,38.21289796,0.110740506,3.017350683,0.108531153,0.068026801,11.08444409,18.71231392,18.71231392,2.165902308,65.17266615,1.425035069,2.186553279,0.740867239,-37.40766668,24.6966774,1.62527651,-0.001268684
shade,shade,54,D,B,16:35:48,NA,2.16226229,395.4585667,361.900681,34.95371447,38.19485995,0.122071313,3.018498648,0.119393603,0.074856691,11.08439748,18.68851376,18.68851376,2.162680487,65.39052876,1.429380802,2.185914121,0.733299686,-40.73326314,27.81756114,1.829696279,-0.001608241
shade,shade,55,D,B,16:39:39,NA,1.717576672,396.4659667,356.2151273,34.40232721,38.28964821,0.07839154,3.018621607,0.077277893,0.048397422,11.08498429,18.82456383,18.82456383,2.181154341,65.19396494,1.430156941,2.193695295,0.750997399,-27.00557736,14.93673288,0.983396284,-0.000463913
cold,cold,121,I,B,17:22:10,NA,1.906816003,396.5205806,206.2954475,19.9630896,38.3710643,0.016309795,3.02259985,0.01626106,0.010167529,40.0084183,13.01989427,13.01989427,1.50508237,65.52758016,0.972903146,1.48472314,0.532179225,-3.994879438,-33.91933897,-2.096488759,-0.002288872
cold,cold,119,I,B,17:25:04,NA,1.773311094,396.7608387,127.1379911,12.30311749,38.39446551,0.010629697,3.021689227,0.010608966,0.006632463,40.00827311,12.44781376,12.44781376,1.449709093,65.45328445,0.935454922,1.429194775,0.514254172,-2.517300838,-35.32273957,-2.170706363,-0.002473658
cold,cold,125,I,B,17:47:44,NA,1.432545884,397.4106452,-115.993528,-11.22493189,38.4582442,0.004478902,3.021925224,0.004475218,0.002797342,40.00840952,13.10533958,13.10533958,1.513510542,64.64542145,0.964143153,1.491433007,0.549367389,-1.134909399,-36.61097735,-2.265191903,-0.002669127
cold,cold,116,I,B,17:59:14,NA,1.16982149,397.8866667,-1405.47492,-135.9796931,38.49553347,0.001035403,3.021620679,0.001035206,0.000647021,40.00858818,13.24774548,13.24774548,1.527649468,64.90700376,0.976781834,1.504894352,0.550867634,-0.263341407,-37.42862489,-2.319414847,-0.002792956
cold,cold,120,I,B,18:09:31,NA,2.432772188,395.5719677,118.5271631,11.46812069,38.27364925,0.014201997,3.02113458,0.014165012,0.008856447,40.00824503,13.24422659,13.24422659,1.527298696,65.06465321,0.980154633,1.506431811,0.547144062,-3.578879696,-34.30536605,-2.126346469,-0.00234719
control,ambient,1,A,C,14:46:20,0.000707735,5.675273703,389.2935806,219.7691553,21.22921425,37.60489872,0.056089982,3.015421348,0.055516747,0.034748982,109.9799158,25.34684315,25.40301935,3.256884615,65.1759388,2.059329289,3.15964653,1.197555326,-31.21110238,-82.74313355,-5.812908717,-9.787228852
control,ambient,2,A,C,14:47:24,0.000723978,5.708573748,389.2209355,224.2470964,21.66101393,37.59656308,0.058044375,3.01716134,0.057431082,0.035948988,109.9823718,25.29006786,25.31882258,3.24062094,65.2851835,2.056334947,3.149772792,1.184285993,-31.9274507,-77.62612338,-5.446534753,-5.017737072
control,ambient,9,A,C,14:50:16,0.001225407,7.244853614,386.1065333,259.9561305,25.10924687,37.29415515,0.098410706,3.017419899,0.096661794,0.060568165,109.9794929,25.6352266,25.55882,3.287167634,64.72220901,2.0967937,3.239681915,1.190373933,-54.04044533,-39.83426192,-2.804707769,13.30007785
ambient,ambient,145,K,C,14:56:20,0.000776891,5.978176904,388.6850667,217.9375205,21.05075514,37.54339383,0.058766083,3.016848596,0.058137469,0.036391836,109.9794686,26.20827835,26.23580667,3.42162889,65.1260524,2.168234739,3.329289369,1.253394151,-34.26089953,-75.19861131,-5.326004388,-4.806046643
ambient,ambient,28,F,C,15:02:47,0.000290077,3.117198749,394.1933871,162.3382526,15.67910979,38.07236617,0.02214542,3.016826551,0.022055504,0.013792738,109.9791075,25.90036475,25.85462258,3.345340328,65.05021174,2.110950623,3.245109533,1.234389706,-12.79237818,-83.35881316,-5.879967987,7.947948218
ambient,ambient,83,F,C,15:07:07,0.001972643,8.535255183,383.2736,289.0295331,27.91463451,37.01677938,0.160097008,3.016654756,0.155522172,0.0976015,109.979079,25.46299996,25.52625667,3.280818035,64.44269453,2.089851069,3.242960407,1.190966966,-86.99356011,-31.76239896,-2.236764672,-11.01364474
ambient,ambient,152,K,C,15:10:28,0.001007137,6.382001417,387.7924333,244.0646349,23.5719051,37.45321989,0.0754744,3.016498128,0.074440789,0.04661718,109.9788988,26.03276249,26.23873,3.422219775,65.12767677,2.1532622,3.306216815,1.268957575,-44.41472287,-94.7369121,-6.706753953,-35.8794901
late,late,183,N,C,15:34:15,0.002045418,9.02391845,382.3404333,277.9506551,26.84250254,36.92372679,0.152221866,3.017676426,0.148081124,0.09291335,109.9792806,26.1550752,26.62546667,3.501179783,65.23619169,2.206656461,3.382564807,1.294523321,-90.20291627,-94.99571733,-6.748527149,-81.96788019
late,late,189,N,C,15:37:49,0.000940789,7.671012608,385.5341,203.5133448,19.65302693,37.23054159,0.070642803,3.017426176,0.06973671,0.043665884,109.9795106,26.24874332,26.41114,3.457226496,65.53745447,2.19256745,3.345518175,1.264659046,-41.4887886,-90.38575019,-6.408690713,-28.3037189
late,late,195,N,C,15:41:43,0.002453791,10.70247837,379.0559355,285.9718787,27.61465301,36.60324287,0.204350051,3.017061381,0.196960366,0.123741899,109.9791314,26.19193058,26.05046774,3.384348281,64.97763335,2.216209097,3.410726095,1.168139184,-108.2121795,21.35985645,1.514414994,24.64122341
late,late,220,P,C,15:46:19,0.000876333,6.811482493,387.1294333,210.1688952,20.29240588,37.37845023,0.064603883,3.016086657,0.063844853,0.039970486,109.9796164,26.64489998,26.65821333,3.507938128,64.94122071,2.221979756,3.421524467,1.285958372,-38.64630079,-68.76871435,-4.893474541,-2.328873259
late,late,217,P,C,15:53:23,0.002073533,10.77361612,379.1829333,265.1318267,25.59934422,36.61135125,0.16467144,3.0168529,0.159835995,0.100320115,109.9797002,25.69628943,25.92016333,3.358350621,65.02597314,2.141450739,3.29322367,1.216899882,-91.44281798,-53.72746628,-3.79576303,-38.9863471
late,late,213,P,C,16:03:01,0.000894213,6.926207517,386.9094,215.336552,20.78906246,37.35308106,0.067818468,3.015900359,0.066982499,0.041938312,109.9794371,26.11021724,26.17930667,3.410226198,65.09938809,2.158564314,3.315798163,1.251661884,-39.43479409,-77.12392606,-5.460658683,-12.03994175
ambient,ambient,105,H,C,16:16:05,0.000241955,2.38911704,395.5237419,180.9890204,17.47182713,38.18199815,0.01839138,3.015832805,0.018329298,0.011461372,109.9795876,25.96957644,25.94881935,3.36405291,65.29218518,2.125978264,3.256099116,1.238074646,-10.6702221,-89.40119078,-6.313052408,3.595122324
ambient,ambient,110,H,C,16:37:32,0.001577947,9.094020179,382.5403548,251.5132719,24.27439788,36.92026551,0.119361389,3.014200613,0.116796334,0.073223578,109.9795549,25.87916868,26.21223871,3.416868421,65.08130267,2.150557378,3.304416614,1.266311043,-69.58747621,-91.85166115,-6.506288422,-57.96587084
ambient,ambient,103,H,C,16:47:37,0.00070413,5.534791071,389.5438065,206.437263,19.92469759,37.59758501,0.050597272,3.015866868,0.050130374,0.031373074,109.9794243,26.33272833,26.54785484,3.485207428,64.74875693,2.169244265,3.350248512,1.315963163,-31.05211952,-108.6892137,-7.716672731,-37.47858172
ambient,ambient,108,H,C,16:54:52,0.000537554,3.81430002,392.7570968,239.0273101,23.07079094,37.90870953,0.04173908,3.014439123,0.041420649,0.025916313,109.9787426,26.07450187,25.95303871,3.364893238,65.26949408,2.148043449,3.291037382,1.216849788,-23.70614445,-60.84540709,-4.302545544,21.12464555
ambient,ambient,104,H,C,16:58:30,0.001097753,6.295927745,387.8958667,259.0711663,25.00389886,37.43723841,0.0836951,3.015708925,0.082425779,0.051628552,109.9796123,25.71172013,25.93619667,3.361540068,65.04027936,2.112616781,3.248166831,1.248923287,-48.41089927,-94.01572944,-6.637391985,-39.08440835
ambient,ambient,115,I,C,17:01:18,0.001057401,7.606331054,385.5803548,234.9817652,22.68098525,37.21711058,0.08543119,3.018420405,0.084110279,0.052685902,109.979328,26.20830096,25.83597419,3.341646549,64.68927803,2.16280646,3.343377025,1.17884009,-46.63137366,1.422042194,0.100498978,64.87049552
ambient,ambient,123,I,C,17:06:32,0.001306848,8.089612497,384.5288333,243.5873132,23.510518,37.11388717,0.097984242,3.015111594,0.096249008,0.060308974,109.978921,26.18515398,26.41643667,3.458306882,65.23328875,2.186128768,3.351247208,1.272178114,-57.63197958,-86.48184692,-6.137647956,-40.27255345
ambient,ambient,118,I,C,17:11:11,0.002226284,10.26141258,380.0342667,276.0444916,26.64083853,36.67681059,0.173746753,3.014628723,0.168369172,0.105700022,109.9796257,25.99383855,26.18819333,3.412017481,64.67696573,2.172834312,3.35951801,1.239183169,-98.17914587,-42.60746584,-3.021520699,-33.8285067
ambient,ambient,113,I,C,17:16:25,0.001408523,9.224703459,382.4355484,238.7640219,23.04398442,36.91024614,0.10945866,3.015371767,0.107298235,0.067251951,109.9797385,25.90279936,26.07157097,3.388575183,65.38193197,2.158029071,3.300650511,1.230546112,-62.11586722,-72.14412632,-5.104226473,-29.38448153
ambient,ambient,122,I,C,17:20:06,0.001317079,8.991970808,382.8987742,240.5681145,23.21655607,36.95249007,0.107487574,3.016070097,0.10540393,0.066061299,109.9791072,26.04823935,25.86221935,3.346846081,65.43278929,2.175438617,3.324691856,1.171407464,-58.08317538,-18.2235296,-1.288460251,32.38394199
cold,cold,204,O,C,13:13:52,6.84E-05,1.251764684,397.6242,209.4017446,20.1936923,38.3449563,0.010835808,3.013630542,0.01081421,0.006760818,40.00812504,13.64153009,13.82897,1.586568864,63.68751648,0.984375794,1.54563382,0.60219307,-3.018295258,-65.27320546,-4.076736272,-32.36011195
cold,cold,199,O,C,13:20:17,6.86E-05,1.834602186,396.6432581,141.9192374,13.68556971,38.24914124,0.011661131,3.013693127,0.011636121,0.007274818,40.00834898,13.5670321,13.59649677,1.562767303,65.13917269,1.001937578,1.538149069,0.560829724,-3.024615828,-39.60283,-2.469431298,-5.088528152
cold,cold,209,O,C,13:25:15,0.000119885,2.682303214,395.0885484,192.0264785,18.51603538,38.09617089,0.021484737,3.013716203,0.021400008,0.01338259,40.00820236,13.66833687,13.4158129,1.544485564,65.27004347,1.011465998,1.549663435,0.533019566,-5.286926428,8.345473793,0.520196771,43.58694649
cold,cold,208,O,C,13:28:27,0.00024586,4.026627625,392.5637097,233.1896144,22.48384901,37.8504986,0.041466154,3.013912084,0.041151802,0.025747921,40.00850862,13.57882874,13.66775806,1.57002973,64.87917742,1.001660708,1.543886263,0.568369022,-10.84244265,-41.90514669,-2.614558908,-15.35363962
cold,cold,207,O,C,13:32:18,0.000106306,2.291625931,395.7713333,186.2472983,17.95589506,38.15587443,0.017785698,3.01310389,0.017727579,0.011084943,40.00802974,13.60779839,13.71775333,1.575142576,65.10778493,1.004749015,1.54320872,0.570393562,-4.688086486,-51.10927022,-3.190403483,-18.97973045
cold,cold,129,J,C,13:36:05,0.00013819,2.85835815,394.7274516,195.4948116,18.8474572,38.05527467,0.023368304,3.013536713,0.023268099,0.014551529,40.0082082,13.73713315,13.71775484,1.57514273,64.87999368,1.010243986,1.557096308,0.564898744,-6.094178565,-28.7737398,-1.797183309,3.343106531
cold,cold,127,J,C,13:39:35,0.000108776,2.45891488,395.4945,173.2439175,16.70167503,38.12786452,0.017975467,3.013340658,0.017916107,0.011202884,40.00829839,13.68940324,13.8064125,1.584245456,64.8914818,1.006792877,1.551502368,0.577452579,-4.797027985,-52.15286439,-3.258205498,-20.19979949
cold,cold,135,J,C,13:45:31,7.06E-05,1.676504861,396.9439677,182.6212837,17.60489927,38.26584955,0.012693781,3.013228623,0.012664148,0.007917749,40.00815697,13.6202428,13.34977097,1.537850475,65.29111461,1.007796138,1.543542553,0.530054337,-3.111896637,9.206152326,0.573557184,46.67596985
cold,cold,131,J,C,13:50:52,0.000160872,3.163939458,394.1969194,204.1359932,19.6770143,37.99724353,0.027625049,3.012789392,0.027474241,0.017184877,40.00824954,13.57106589,13.59543226,1.56265955,65.33593745,1.006782871,1.540926337,0.555876679,-7.094457257,-34.93971205,-2.179493585,-4.205413351
cold,cold,165,L,C,14:01:52,0.000111898,2.522027215,395.3745161,176.3701872,16.99768164,38.10422987,0.018714235,3.0124398,0.018649886,0.011661942,40.00818497,13.61788758,13.72436774,1.575820105,65.0960701,1.005319933,1.54436348,0.570500171,-4.93470309,-50.30834263,-3.141396767,-18.37625752
cold,cold,157,L,C,14:05:39,9.07E-05,1.704580516,396.8538333,225.2998173,21.71185699,38.24429943,0.016202371,3.012525527,0.016154114,0.010100645,40.00854107,13.60795197,13.38723333,1.541611153,65.30121706,1.007480129,1.542819835,0.534131024,-4.001433383,1.952724911,0.1217054,38.081538
cold,cold,158,L,C,14:09:22,0.000111241,1.662742531,396.9326129,250.978198,24.18442101,38.24868254,0.018677497,3.012066379,0.018613393,0.011639112,40.00824846,13.63203588,13.77426129,1.580939072,65.52071559,1.012798868,1.545768936,0.568140204,-4.905740831,-56.13754469,-3.506995493,-24.54203255
cold,cold,166,L,C,14:13:15,0.000120854,2.268856898,395.8358667,213.7831563,20.59934732,38.14126725,0.020329016,3.011986515,0.020253097,0.012664983,40.00823273,13.58178456,13.68815,1.572113379,65.20768359,1.004824372,1.540960078,0.567289007,-5.329677784,-49.91575223,-3.116208238,-18.35340552
cold,cold,167,L,C,14:18:41,0.000113636,1.789998608,396.7023871,244.1368313,23.52293262,38.22284197,0.01921221,3.011578664,0.019144379,0.011971311,40.00842946,13.43707351,13.52626452,1.555638665,64.94692494,0.991281531,1.526294789,0.564357134,-5.011341526,-47.42751785,-2.956490624,-15.38692054
chamber_normal,chamber_normal,178,M,C,14:52:46,0.000555303,4.059811414,392.2966333,258.8446894,24.93324593,37.78802053,0.05125303,3.013782097,0.050773685,0.031776247,40.00830928,24.09031102,23.99533333,2.994135012,65.69868617,1.967777085,2.995154393,1.026357928,-24.48887544,0.920714449,0.063971366,16.50411965
chamber_normal,chamber_normal,182,M,C,14:58:13,0.000306775,3.447932346,393.5687419,185.2467128,17.84257009,37.90770566,0.027280407,3.012901868,0.02714392,0.016977156,40.0083391,24.15273224,24.07933548,3.009277337,65.06540482,1.948728143,2.995029613,1.060549194,-13.52879713,-12.83680943,-0.892539296,12.75019324
chamber_normal,chamber_normal,170,M,C,15:05:09,0.000409892,3.484446549,393.4467742,234.9094896,22.62475541,37.89390139,0.036676861,3.010480951,0.03643042,0.022791016,40.00847298,24.12808971,24.05266452,3.004462359,65.05807676,1.948677067,2.995288463,1.055785292,-18.07625738,-8.264264707,-0.575000513,13.09295038
chamber_normal,chamber_normal,172,M,C,15:08:36,0.000608566,4.544446232,391.383129,251.5964548,24.23193086,37.69516121,0.054724071,3.010042305,0.054177303,0.033909484,40.00839213,24.09119115,24.02655484,2.99975524,64.90457532,1.945663874,2.99772992,1.054091365,-26.8377641,-1.824835545,-0.126976546,11.21881594
chamber_normal,chamber_normal,177,M,C,15:22:06,0.00044156,3.907071581,392.6665161,228.0738252,21.96525642,37.81679335,0.039558369,3.010277421,0.039271827,0.024570464,40.00800094,24.11887851,24.03041613,3.000450956,64.95331498,1.945402307,2.995077783,1.05504865,-19.47280702,-4.843049987,-0.336946508,15.35519743
shade,shade,63,E,C,17:40:58,0.001196479,3.897374588,392.1219667,325.8029294,31.28909519,37.65816828,0.106140116,3.006060218,0.104101226,0.06524319,14.20179973,23.78872387,24.18774,3.028917387,65.19081377,1.953759458,2.996985841,1.075157928,-52.76471858,-28.61433379,-1.995275127,-69.17252777
shade,shade,66,E,C,17:45:07,0.001036779,2.757972878,394.3043667,340.0009003,32.65093547,37.865801,0.09384829,3.00649085,0.092250687,0.057797952,14.20165468,23.73030877,24.01617333,2.997885427,65.33273454,1.946393615,2.979201205,1.051491812,-45.72197194,-16.86504151,-1.174223622,-49.55958239
shade,shade,67,E,C,17:47:34,0.001506495,3.660807722,392.3494839,342.0631311,32.84940954,37.6785678,0.13698254,3.005145153,0.133605863,0.083800113,14.2021867,23.68084347,24.12857742,3.018184837,65.62751309,1.963432709,2.991782892,1.054752128,-66.43640905,-23.70673929,-1.652836985,-77.59379863
shade,shade,60,E,C,17:49:59,0.00078632,2.845236264,394.3216452,321.2245856,30.8474735,37.86704706,0.069185205,3.005091426,0.06831235,0.042772724,14.20168851,23.88703632,24.1645129,3.02469984,65.02007401,1.947941096,2.995907226,1.076758744,-34.67670116,-25.81297442,-1.800251202,-48.08823827
shade,shade,68,E,C,17:52:09,0.001643566,3.508841793,392.5192,347.3841072,33.35902266,37.69331013,0.149384284,3.005297666,0.14537834,0.091212433,14.20202212,23.72715086,24.16461333,3.024718065,65.43652475,1.967284241,3.006400856,1.057433824,-72.4812444,-16.39766685,-1.143866069,-75.82075519
ambient,ambient,19,B,C,15:54:19,0.00110851,5.576267175,389.2049355,275.7963259,26.49847212,37.39475534,0.084998497,3.005993508,0.083685507,0.052419719,109.9797983,27.24747397,26.84608387,3.546931912,65.02286694,2.313055661,3.557295717,1.233876251,-48.88529199,8.042837393,0.576680708,69.71402443
ambient,ambient,21,B,C,16:01:08,0.002009971,8.773746735,382.8140667,276.2126138,26.53758397,36.77949496,0.144869195,3.005336009,0.141098503,0.088517172,109.9794349,26.73390843,27.08323333,3.59669379,64.88632336,2.269851003,3.498196362,1.326842787,-88.63973716,-76.51406024,-5.486044262,-60.66040674
ambient,ambient,17,B,C,16:04:13,0.001047807,6.027205009,388.4065,246.9354967,23.7228971,37.31390406,0.072758177,3.005675311,0.071793702,0.044956653,109.9795211,27.09911271,27.38810667,3.661560964,65.36669942,2.302986377,3.523179842,1.358574587,-46.20826953,-106.3389608,-7.639876262,-50.20758546
ambient,ambient,26,B,C,16:08:22,0.001123076,6.899612572,386.7909032,242.6692629,23.31439114,37.16084311,0.081560096,3.005583672,0.080350207,0.050326088,109.979644,26.59573104,26.82003548,3.541502901,65.39272856,2.239039012,3.423987745,1.302463889,-49.52764192,-92.77612922,-6.630653644,-38.9547808
ambient,ambient,18,B,C,16:12:18,0.001273407,7.644319136,385.3440667,243.9729609,23.43870065,37.02034928,0.092380807,3.005916733,0.090832042,0.056907014,109.9793445,26.39471102,26.68263,3.512984714,65.05734175,2.206222305,3.391196513,1.30676241,-56.15724246,-96.90617886,-6.914652351,-49.99872914
control,ambient,89,G,C,16:16:38,0.001475103,8.885265814,382.9786452,244.4698327,23.48473109,36.79043093,0.109859867,3.005735383,0.107676917,0.06749059,109.9797682,26.24648815,26.50035161,3.475462781,65.19722769,2.19831348,3.371789811,1.277149301,-65.05205242,-83.08371346,-5.920426596,-44.0764243
control,ambient,90,G,C,16:24:32,0.001351593,8.258483233,384.1873333,245.5415263,23.58955734,36.90947624,0.101828123,3.006712015,0.09995035,0.062634795,109.9794597,26.04875607,26.27175667,3.428901552,65.16449568,2.16760015,3.326351454,1.261301402,-59.60523477,-83.18754016,-5.912315475,-38.72563067
control,ambient,92,G,C,16:30:50,0.000914881,6.837755494,387.0344333,223.0414654,21.42649316,37.18048851,0.070206365,3.005383146,0.06930782,0.04339716,109.9796403,26.56247767,26.40396667,3.455763788,65.3196111,2.225174664,3.40659509,1.230589124,-40.34626934,-39.32160231,-2.803413401,27.50835524
control,ambient,96,G,C,16:34:50,0.001260295,7.564762635,385.5241667,247.7741781,23.80011179,37.03177761,0.0938748,3.005215341,0.092275636,0.057813682,109.9790738,26.81315874,26.71347667,3.519369355,64.65036599,2.246824135,3.47534635,1.27254522,-55.57901245,-34.621989,-2.476520566,17.30155174
control,ambient,88,G,C,16:40:51,0.000905206,5.567790666,389.3328065,234.8478429,22.56086534,37.40159972,0.061177719,3.005629823,0.060494264,0.037869685,109.979828,27.02672746,27.40148387,3.664430432,64.88263404,2.271357869,3.500717724,1.393072562,-39.91960445,-126.1085593,-9.05604206,-65.10437785
ambient,ambient,37,C,C,16:48:41,0.001320385,7.365228141,385.8251613,255.1913047,24.51342616,37.06198615,0.096852711,3.005929834,0.095151868,0.059620244,109.9796057,26.4891278,26.67560968,3.511533062,65.0039162,2.218315385,3.412587294,1.293217678,-58.228976,-78.5306187,-5.606244385,-32.38623335
ambient,ambient,35,C,C,16:52:52,0.001699492,7.90985417,384.5879032,276.3764928,26.54842498,36.94309523,0.127788229,3.005226258,0.124844457,0.078286624,109.9803574,26.29053437,26.5602,3.487743774,65.4170332,2.218948144,3.392003634,1.26879563,-74.94759219,-76.39607665,-5.449189041,-46.81250046
ambient,ambient,30,C,C,16:57:34,0.001376735,7.185435015,386.1260667,262.2310308,25.18866258,37.08942903,0.100117235,3.005663277,0.098300804,0.061598457,109.9788903,26.43417383,26.73301333,3.52341829,65.1610736,2.218340838,3.404395778,1.305077452,-60.71401471,-94.41499468,-6.741383494,-51.89150255
ambient,ambient,34,C,C,17:00:44,0.000984277,6.142468713,388.2555667,236.1013535,22.67806367,37.29281654,0.068558507,3.005464454,0.067701393,0.042389486,109.9792708,26.65900083,27.07031,3.593966428,65.3103046,2.239918046,3.429654876,1.354048382,-43.40663035,-128.7873216,-9.217557807,-71.43223899
ambient,ambient,31,C,C,17:04:14,0.001084713,6.400718815,387.7230323,248.7723521,23.89414329,37.24010973,0.078644601,3.005048158,0.077518823,0.048549069,109.9799889,26.32335791,26.63104839,3.502330949,65.28102608,2.198221995,3.367321451,1.304108954,-47.83582583,-107.8686887,-7.692504328,-53.41703
ambient,ambient,55,D,C,17:08:15,0.001599134,7.90461533,384.6775161,270.8048463,26.00902615,36.94574788,0.120689223,3.005095357,0.118059699,0.074018792,109.9799884,26.15171018,26.3777,3.450412385,65.12537006,2.187675687,3.359175824,1.262736699,-70.52182358,-73.45356132,-5.230430811,-39.22582733
ambient,ambient,51,D,C,17:14:05,0.000600614,4.238619474,391.9373667,237.102711,22.77209954,37.64291302,0.046085882,3.004947811,0.045696792,0.028595179,109.9789472,26.54498726,26.23283,3.421027317,64.82372739,2.195597472,3.387027498,1.225429845,-26.48709786,-27.3757641,-1.949397223,54.166688
ambient,ambient,46,D,C,17:19:29,0.001153698,5.332232619,389.5964333,289.2327391,27.77686471,37.41543039,0.092585036,3.004890974,0.091028956,0.057030726,109.9787836,26.72447787,26.29511667,3.433634497,65.2581051,2.252506039,3.451687779,1.181128458,-50.87806154,14.39313176,1.026904508,74.52075829
ambient,ambient,49,D,C,17:26:26,0.001072274,6.710894894,387.1747,245.0677247,23.53553986,37.18305051,0.080384182,3.00537655,0.079208579,0.049609553,109.9807509,26.13494355,26.26246,3.427019549,65.02171004,2.164783976,3.32932489,1.262235573,-47.28728725,-79.20202124,-5.631720298,-22.14027788
ambient,ambient,45,D,C,17:30:44,0.002180319,10.49537426,379.61,272.1693772,26.13830589,36.45657128,0.171394422,3.00606769,0.166144689,0.104298704,109.9795878,25.70410559,26.00496129,3.375249167,65.1885494,2.151217482,3.29999287,1.224031684,-96.15206548,-61.67076828,-4.375199235,-52.21844521